{"stats":{"minecraft:killed":{"born_in_chaos_v1:restless_spirit":1,"born_in_chaos_v1:zombie_lumberjack":1,"minecraft:spider":5,"undead_revamp2:thesmoker":2,"minecraft:skeleton":25,"minecraft:silverfish":2,"undead_revamp2:thepregnant":1,"undead_revamp2:thespitter":2,"arphex:spider_larvae_tiny":2,"minecraft:salmon":3,"minecraft:creeper":1,"minecraft:zombie":20,"born_in_chaos_v1:dread_hound":1,"born_in_chaos_v1:corpse_fly":3,"enemyexpansion:botfly":2,"alexsmobs:fly":1,"born_in_chaos_v1:door_knight":1,"arphex:spider_larvae":1,"minecraft:blaze":5,"undead_revamp2:thehunter":1,"undead_revamp2:theimmortal":3,"enemyexpansion:intruder":2,"enemyexpansion:direwolf":4,"alexsmobs:rattlesnake":2,"arphex:beetle_tick_mite":2,"born_in_chaos_v1:maggot":7,"arphex:hornet_harbinger":1,"enemyexpansion:silverqueen":1,"gnumus:gnumus_hunter":1,"undead_revamp2:thebidy":1,"minecraft:drowned":2,"enemyexpansion:scorpion":1,"enemyexpansion:starved":1,"born_in_chaos_v1:spiritof_chaos":1,"born_in_chaos_v1:fallen_chaos_knight":1,"minecraft:husk":1,"born_in_chaos_v1:baby_skeleton":3,"born_in_chaos_v1:spirit_guide_assistant":2,"undead_revamp2:the_moonflower":2,"born_in_chaos_v1:decrepit_skeleton":2,"alexsmobs:catfish":2,"undead_revamp2:thesomnolence":1,"enemyexpansion:huntsman":1,"minecraft:wither_skeleton":5,"minecraft:enderman":1},"minecraft:used":{"alexsmobs:emu_egg":2,"minecraft:red_sand":28,"minecraft:chest":4,"minecraft:shield":73,"minecraft:iron_sword":149,"minecraft:rotten_flesh":5,"minecraft:jungle_planks":6,"minecraft:honey_bottle":12,"born_in_chaos_v1:corpse_maggot":3,"minecraft:light_blue_bed":1,"minecraft:bow":6,"minecraft:sweet_berries":7,"minecraft:furnace":9,"minecraft:gray_bed":2,"minecraft:stone_pickaxe":173,"minecraft:wooden_pickaxe":23,"minecraft:mossy_stone_brick_stairs":1,"born_in_chaos_v1:monster_flesh":1,"gnumus:gnumus_chickpeas":3,"minecraft:bread":3,"minecraft:diamond_sword":500,"minecraft:andesite":18,"minecraft:coarse_dirt":3,"minecraft:stone_sword":33,"minecraft:stone_shovel":43,"minecraft:netherrack":216,"minecraft:torch":154,"minecraft:dirt":50,"farmersdelight:flint_knife":7,"minecraft:stone_brick_slab":1,"minecraft:wooden_axe":8,"minecraft:cobbled_deepslate":65,"minecraft:orange_terracotta":1,"minecraft:glass_bottle":1,"minecraft:crafting_table":11,"minecraft:diamond_pickaxe":250,"minecraft:apple":1,"minecraft:iron_pickaxe":184,"minecraft:stone_axe":19,"minecraft:cobblestone":21,"minecraft:bucket":1},"minecraft:dropped":{"minecraft:iron_sword":2,"minecraft:lapis_lazuli":10,"minecraft:glow_ink_sac":1,"minecraft:mossy_stone_brick_stairs":1,"minecraft:dirt":3,"born_in_chaos_v1:monster_skin":1,"gravestone:obituary":108,"minecraft:bone_block":1,"minecraft:sand":1,"minecraft:iron_pickaxe":2,"minecraft:iron_nugget":11,"alexsmobs:animal_dictionary":1,"minecraft:cobbled_deepslate":76,"born_in_chaos_v1:ethereal_spirit":1,"minecraft:rotten_flesh":26,"born_in_chaos_v1:seedof_chaos":3,"minecraft:gunpowder":3,"minecraft:stone_brick_wall":1,"minecraft:netherrack":3,"minecraft:golden_axe":1,"minecraft:iron_helmet":2,"minecraft:spruce_stairs":4,"minecraft:polished_andesite":2,"minecraft:diorite":18,"minecraft:torch":65,"minecraft:wooden_axe":1,"minecraft:zombie_head":1,"minecraft:iron_leggings":1,"minecraft:red_dye":2,"minecraft:string":5,"minecraft:bucket":1,"minecraft:stone_brick_slab":2,"minecraft:redstone":26,"minecraft:blaze_rod":1,"minecraft:tuff":4,"minecraft:clay_ball":2,"minecraft:iron_boots":1,"minecraft:flint_and_steel":1,"minecraft:diamond_sword":1,"farmersdelight:flint_knife":1,"minecraft:iron_chestplate":1,"minecraft:andesite":97,"minecraft:oak_sapling":2,"minecraft:slime_ball":5,"minecraft:red_sand":1,"minecraft:bow":1,"minecraft:wooden_pickaxe":1},"minecraft:crafted":{"minecraft:oak_planks":8,"minecraft:bow":1,"minecraft:iron_boots":3,"minecraft:chest":4,"minecraft:arrow":8,"minecraft:crafting_table":7,"minecraft:wooden_pickaxe":1,"farmersdelight:flint_knife":1,"minecraft:iron_helmet":3,"minecraft:iron_chestplate":3,"minecraft:diamond_pickaxe":1,"minecraft:shield":1,"minecraft:stick":76,"minecraft:iron_ingot":88,"minecraft:iron_pickaxe":1,"minecraft:stone_sword":2,"minecraft:stone_shovel":1,"minecraft:furnace":9,"minecraft:flint_and_steel":1,"minecraft:stone_pickaxe":3,"minecraft:diamond_sword":1,"minecraft:iron_sword":1,"minecraft:bucket":2,"minecraft:stone_axe":1,"minecraft:air":0,"minecraft:jungle_planks":80,"minecraft:wooden_axe":1,"minecraft:iron_leggings":4,"minecraft:acacia_planks":36,"minecraft:torch":188},"minecraft:broken":{"minecraft:iron_boots":1,"minecraft:iron_chestplate":1,"minecraft:iron_leggings":2,"minecraft:stone_pickaxe":1,"minecraft:iron_helmet":1},"minecraft:mined":{"minecraft:dark_oak_planks":2,"minecraft:spruce_planks":1,"minecraft:cobbled_deepslate_stairs":1,"minecraft:jungle_leaves":2,"minecraft:obsidian":1,"minecraft:granite":2,"minecraft:red_sand":20,"minecraft:grass_block":5,"minecraft:stone_brick_wall":1,"minecraft:jungle_log":21,"minecraft:nether_wart":1,"minecraft:spawner":3,"minecraft:tall_seagrass":1,"minecraft:magma_block":9,"minecraft:iron_ore":40,"minecraft:cobbled_deepslate":1,"minecraft:fire":5,"minecraft:deepslate_brick_stairs":1,"minecraft:blue_orchid":1,"minecraft:deepslate_redstone_ore":2,"minecraft:torch":2,"minecraft:dead_bush":4,"minecraft:cobblestone":6,"minecraft:wall_torch":4,"minecraft:smooth_stone_slab":1,"minecraft:grass":1,"minecraft:oak_log":6,"minecraft:dirt":31,"minecraft:netherrack":189,"minecraft:oak_leaves":1,"minecraft:deepslate":65,"minecraft:crying_obsidian":1,"minecraft:tuff":3,"minecraft:deepslate_diamond_ore":6,"gravestone:gravestone":79,"born_in_chaos_v1:black_argillite":2,"minecraft:redstone_ore":4,"minecraft:acacia_wood":9,"minecraft:andesite":4,"minecraft:mossy_stone_brick_stairs":1,"minecraft:deepslate_iron_ore":39,"minecraft:vine":2,"minecraft:stone":68,"minecraft:stone_brick_slab":2,"minecraft:crafting_table":4,"minecraft:rose_bush":6,"minecraft:lapis_ore":7,"minecraft:deepslate_gold_ore":33,"minecraft:coarse_dirt":4,"minecraft:light_blue_bed":1,"minecraft:gray_bed":1,"minecraft:coal_ore":63,"minecraft:terracotta":24,"minecraft:gold_ore":8},"minecraft:killed_by":{"undead_revamp2:sucker":2,"undead_revamp2:the_moonflower":1,"minecraft:wither_skeleton":2,"minecraft:creeper":1,"born_in_chaos_v1:spirit_guide":1,"enemyexpansion:slugger":1,"born_in_chaos_v1:corpse_fly":1,"minecraft:drowned":1,"enemyexpansion:huntsman":2,"undead_revamp2:clogger":2,"sons_of_sins:betrayed_guzzler":3,"they_watch_from_the_mist:them_aggro":2,"gnumus:gnumus_hunter":1,"enemyexpansion:sprinter":1,"minecraft:silverfish":1,"minecraft:blaze":1,"minecraft:zombie":10,"born_in_chaos_v1:spirit_guide_assistant":1,"undead_revamp2:thesmoker":1,"undead_revamp2:thepregnant":1,"enemyexpansion:invisicreeper":3,"minecraft:player":1,"arphex:spider_larvae":2,"undead_revamp2:thehunter":3,"alexsmobs:guster":1,"alexsmobs:centipede_head":1,"minecraft:skeleton":20,"enemyexpansion:botfly":1,"enemyexpansion:direwolf":1,"arphex:centipede_stalker":2},"minecraft:custom":{"minecraft:interact_with_crafting_table":64,"minecraft:open_barrel":30,"minecraft:bell_ring":7,"minecraft:leave_game":3,"minecraft:time_since_death":9816,"minecraft:damage_resisted":17,"minecraft:sprint_one_cm":851820,"minecraft:damage_blocked_by_shield":1945,"minecraft:drop":175,"minecraft:talked_to_villager":2,"minecraft:play_time":412890,"minecraft:deaths":84,"minecraft:jump":5702,"minecraft:walk_on_water_one_cm":72393,"minecraft:interact_with_furnace":47,"minecraft:interact_with_cartography_table":1,"minecraft:sleep_in_bed":4,"minecraft:waystone_activated":2,"minecraft:damage_dealt":32337,"minecraft:player_kills":2,"minecraft:crouch_one_cm":7790,"minecraft:mob_kills":134,"minecraft:damage_dealt_resisted":781,"minecraft:climb_one_cm":58967,"minecraft:walk_one_cm":716189,"minecraft:sneak_time":4945,"minecraft:walk_under_water_one_cm":23738,"minecraft:boat_one_cm":160468,"minecraft:total_world_time":412890,"minecraft:interact_with_grindstone":1,"minecraft:time_since_rest":1928,"minecraft:damage_taken":21660,"minecraft:swim_one_cm":46369,"minecraft:fly_one_cm":936942,"minecraft:open_chest":153,"minecraft:fall_one_cm":168197},"minecraft:picked_up":{"minecraft:wheat":2,"minecraft:diamond_sword":2,"minecraft:enchanted_book":3,"born_in_chaos_v1:black_argillite":2,"minecraft:string":8,"minecraft:smooth_stone_slab":2,"minecraft:zombie_head":2,"alexsmobs:emu_feather":1,"minecraft:red_sand":42,"minecraft:cobbled_deepslate":153,"bosses_of_mass_destruction:soul_star":2,"minecraft:spruce_planks":9,"minecraft:red_dye":2,"minecraft:rose_bush":6,"minecraft:iron_pickaxe":2,"wstweaks:fragment":3,"minecraft:stick":15,"minecraft:torch":79,"minecraft:spruce_stairs":4,"minecraft:diorite":22,"minecraft:rotten_flesh":74,"artifacts:villager_hat":2,"gnumus:gnumus_chickpeas":3,"alexsmobs:emu_egg":5,"farmersdelight:rope":8,"minecraft:blaze_rod":4,"minecraft:deepslate_brick_stairs":1,"minecraft:obsidian":1,"minecraft:cobblestone":156,"minecraft:magma_block":7,"gnumus:gnumus_doubloons":2,"minecraft:magma_cream":1,"minecraft:andesite":115,"minecraft:jungle_log":20,"minecraft:tuff":19,"undead_revamp2:huntereye":1,"minecraft:lapis_lazuli":82,"minecraft:dirt":57,"born_in_chaos_v1:monster_skin":2,"minecraft:bone":53,"minecraft:bow":1,"minecraft:raw_gold":40,"minecraft:mossy_stone_brick_stairs":2,"minecraft:sand":1,"minecraft:mossy_cobblestone":2,"minecraft:polished_andesite":2,"alexsmobs:guster_eye":1,"minecraft:diamond":5,"alexsmobs:rattlesnake_rattle":1,"minecraft:granite":8,"minecraft:golden_apple":2,"minecraft:bread":2,"alexsmobs:maggot":2,"minecraft:oak_sapling":2,"minecraft:netherrack":219,"minecraft:crafting_table":4,"minecraft:coarse_dirt":6,"minecraft:nether_wart":1,"minecraft:clay_ball":2,"born_in_chaos_v1:seedof_chaos":4,"minecraft:stone_brick_wall":1,"gravestone:obituary":47,"minecraft:blue_orchid":1,"minecraft:oak_boat":1,"minecraft:iron_nugget":11,"minecraft:raw_iron":80,"minecraft:spruce_fence":1,"sophisticatedbackpacks:backpack":3,"born_in_chaos_v1:pieceofdarkmetal":2,"minecraft:carrot":1,"minecraft:redstone":52,"minecraft:light_blue_bed":1,"minecraft:dark_oak_planks":3,"minecraft:arrow":53,"minecraft:gold_ingot":1,"minecraft:skeleton_skull":1,"born_in_chaos_v1:corpse_maggot":3,"born_in_chaos_v1:monster_flesh":1,"minecraft:glow_ink_sac":4,"minecraft:salmon":2,"minecraft:acacia_wood":9,"gnumus:gnumus_pouch":1,"minecraft:oak_log":6,"minecraft:cobbled_deepslate_stairs":1,"minecraft:gunpowder":19,"minecraft:orange_terracotta":3,"minecraft:apple":1,"gnumus:gnumus_horn":1,"minecraft:iron_ingot":3,"minecraft:cobweb":10,"minecraft:glass_bottle":1,"minecraft:gray_bed":2,"minecraft:iron_sword":2,"minecraft:sweet_berries":3,"minecraft:stone_brick_slab":3,"born_in_chaos_v1:ethereal_spirit":2,"minecraft:spruce_log":1,"minecraft:crying_obsidian":1,"minecraft:spider_eye":1,"alexsmobs:raw_catfish":2,"minecraft:slime_ball":15,"minecraft:stone_axe":1,"minecraft:terracotta":28,"minecraft:coal":63}},"DataVersion":3465}