{"stats":{"minecraft:mined":{"minecraft:dark_oak_planks":2,"minecraft:spruce_planks":1,"minecraft:cobbled_deepslate_stairs":1,"minecraft:jungle_leaves":35,"minecraft:obsidian":1,"minecraft:granite":2,"minecraft:red_sand":22,"minecraft:stone_brick_wall":1,"minecraft:grass_block":5,"minecraft:light_gray_bed":1,"minecraft:jungle_log":405,"minecraft:composter":1,"minecraft:nether_wart":1,"minecraft:spawner":5,"minecraft:smooth_stone":11,"minecraft:tall_seagrass":1,"minecraft:magma_block":9,"minecraft:iron_ore":40,"minecraft:cobbled_deepslate":1,"minecraft:fire":5,"minecraft:fletching_table":3,"minecraft:brown_bed":2,"minecraft:deepslate_brick_stairs":1,"minecraft:blue_orchid":1,"minecraft:deepslate_redstone_ore":2,"minecraft:red_bed":1,"minecraft:smoker":2,"minecraft:orange_terracotta":5,"minecraft:torch":5,"minecraft:dead_bush":4,"minecraft:cobblestone":22,"minecraft:cyan_bed":1,"minecraft:damaged_anvil":1,"minecraft:wall_torch":5,"minecraft:chain":1,"minecraft:jungle_wood":2,"minecraft:black_bed":1,"minecraft:smooth_stone_slab":3,"minecraft:grass":4,"minecraft:oak_log":25,"minecraft:sand":5,"minecraft:dirt":32,"minecraft:netherrack":189,"minecraft:yellow_stained_glass":1,"minecraft:oak_leaves":26,"minecraft:deepslate":65,"minecraft:crying_obsidian":1,"minecraft:tuff":3,"the_knocker:deadcow":2,"minecraft:deepslate_diamond_ore":6,"gravestone:gravestone":107,"born_in_chaos_v1:black_argillite":2,"minecraft:sandstone":18,"minecraft:hay_block":73,"minecraft:redstone_ore":4,"minecraft:acacia_wood":9,"minecraft:andesite":4,"minecraft:mossy_stone_brick_stairs":1,"minecraft:bookshelf":11,"minecraft:vine":61,"minecraft:deepslate_iron_ore":39,"minecraft:stripped_oak_log":1,"minecraft:stone":94,"minecraft:smithing_table":1,"minecraft:oak_slab":2,"minecraft:stone_brick_slab":2,"minecraft:crafting_table":4,"minecraft:rose_bush":6,"minecraft:tall_grass":2,"minecraft:deepslate_gold_ore":33,"minecraft:lapis_ore":7,"minecraft:purple_bed":1,"minecraft:coarse_dirt":4,"minecraft:light_blue_bed":1,"minecraft:gray_bed":2,"minecraft:coal_ore":63,"minecraft:gravel":27,"minecraft:yellow_concrete":7,"minecraft:brown_terracotta":6,"minecraft:terracotta":81,"minecraft:gold_ore":8},"minecraft:broken":{"minecraft:iron_boots":2,"minecraft:iron_chestplate":1,"minecraft:iron_leggings":2,"minecraft:stone_pickaxe":1,"minecraft:iron_axe":1,"minecraft:iron_helmet":1},"minecraft:crafted":{"minecraft:oak_planks":32,"minecraft:bookshelf":11,"minecraft:glass":4,"minecraft:bow":4,"minecraft:iron_boots":4,"sophisticatedbackpacks:tank_upgrade":1,"minecraft:chest":4,"minecraft:iron_door":3,"minecraft:oak_button":2,"minecraft:oak_slab":18,"minecraft:arrow":1064,"minecraft:emerald":82,"minecraft:crafting_table":10,"farmersdelight:flint_knife":1,"minecraft:wooden_pickaxe":1,"minecraft:iron_helmet":4,"minecraft:fletching_table":2,"sophisticatedbackpacks:upgrade_base":1,"minecraft:iron_chestplate":4,"minecraft:diamond_pickaxe":1,"minecraft:shield":1,"minecraft:stick":2436,"minecraft:iron_ingot":88,"minecraft:iron_pickaxe":1,"minecraft:stone_sword":2,"minecraft:stone_shovel":1,"minecraft:furnace":9,"minecraft:flint_and_steel":1,"minecraft:iron_axe":2,"minecraft:stone_pickaxe":3,"minecraft:wheat":324,"sophisticatedbackpacks:iron_backpack":1,"minecraft:diamond_sword":1,"minecraft:iron_sword":1,"sophisticatedbackpacks:gold_backpack":1,"minecraft:bucket":2,"minecraft:stone_axe":1,"minecraft:bread":108,"minecraft:air":0,"minecraft:jungle_planks":1476,"minecraft:wooden_axe":1,"minecraft:iron_leggings":6,"minecraft:acacia_planks":36,"minecraft:torch":188},"minecraft:killed":{"undead_revamp2:thewolf":1,"born_in_chaos_v1:restless_spirit":5,"born_in_chaos_v1:zombie_lumberjack":1,"minecraft:spider":7,"enemyexpansion:equestrian":1,"undead_revamp2:thesmoker":2,"undead_revamp2:theswarmer":1,"minecraft:skeleton":26,"minecraft:silverfish":2,"undead_revamp2:thepregnant":1,"undead_revamp2:thespitter":2,"arphex:spider_larvae_tiny":2,"minecraft:salmon":8,"mutantmonsters:mutant_skeleton":1,"minecraft:creeper":3,"minecraft:pillager":2,"minecraft:zombie":24,"born_in_chaos_v1:dread_hound":2,"born_in_chaos_v1:corpse_fly":5,"enemyexpansion:botfly":3,"alexsmobs:fly":1,"born_in_chaos_v1:door_knight":1,"arphex:spider_larvae":1,"minecraft:blaze":5,"undead_revamp2:thehunter":1,"undead_revamp2:theimmortal":3,"enemyexpansion:intruder":2,"enemyexpansion:direwolf":6,"alexsmobs:rattlesnake":2,"born_in_chaos_v1:zombie_bruiser":3,"arphex:beetle_tick_mite":2,"born_in_chaos_v1:maggot":12,"arphex:hornet_harbinger":1,"enemyexpansion:silverqueen":1,"gnumus:gnumus_hunter":6,"undead_revamp2:thebidy":1,"minecraft:drowned":2,"enemyexpansion:scorpion":5,"enemyexpansion:starved":2,"born_in_chaos_v1:spiritof_chaos":1,"born_in_chaos_v1:fallen_chaos_knight":2,"born_in_chaos_v1:spirit_guide":1,"minecraft:husk":1,"alexsmobs:guster":1,"born_in_chaos_v1:baby_skeleton":3,"born_in_chaos_v1:swarmer":2,"born_in_chaos_v1:spirit_guide_assistant":7,"undead_revamp2:the_moonflower":5,"born_in_chaos_v1:decrepit_skeleton":4,"alexsmobs:catfish":2,"undead_revamp2:thesomnolence":1,"enemyexpansion:huntsman":1,"minecraft:wither_skeleton":5,"minecraft:enderman":1},"minecraft:custom":{"minecraft:interact_with_crafting_table":100,"minecraft:open_barrel":35,"minecraft:bell_ring":87,"minecraft:leave_game":4,"minecraft:time_since_death":30924,"minecraft:damage_resisted":17,"minecraft:sprint_one_cm":1765874,"minecraft:damage_blocked_by_shield":2184,"minecraft:drop":249,"minecraft:talked_to_villager":43,"minecraft:play_time":654603,"minecraft:deaths":113,"minecraft:jump":9809,"minecraft:walk_on_water_one_cm":88224,"minecraft:enchant_item":1,"minecraft:interact_with_furnace":60,"minecraft:traded_with_villager":151,"minecraft:interact_with_cartography_table":1,"minecraft:sleep_in_bed":13,"minecraft:waystone_activated":5,"minecraft:damage_dealt":40338,"minecraft:player_kills":2,"minecraft:crouch_one_cm":15588,"minecraft:interact_with_smoker":1,"minecraft:mob_kills":202,"minecraft:damage_dealt_resisted":1039,"minecraft:climb_one_cm":86196,"minecraft:walk_one_cm":1360282,"minecraft:damage_dealt_absorbed":20,"minecraft:sneak_time":8487,"minecraft:walk_under_water_one_cm":28613,"minecraft:boat_one_cm":160468,"minecraft:total_world_time":654603,"minecraft:interact_with_grindstone":1,"minecraft:time_since_rest":29827,"minecraft:damage_taken":31903,"minecraft:swim_one_cm":63519,"minecraft:fly_one_cm":1924590,"minecraft:open_chest":444,"minecraft:fall_one_cm":305798},"minecraft:dropped":{"minecraft:iron_sword":2,"minecraft:lapis_lazuli":10,"minecraft:glow_ink_sac":1,"minecraft:mossy_stone_brick_stairs":1,"minecraft:dirt":3,"born_in_chaos_v1:monster_skin":1,"minecraft:chain":1,"gravestone:obituary":157,"minecraft:bone_block":1,"minecraft:sand":2,"minecraft:iron_pickaxe":2,"minecraft:bone":1,"minecraft:iron_nugget":11,"minecraft:cobbled_deepslate":76,"alexsmobs:animal_dictionary":1,"born_in_chaos_v1:ethereal_spirit":1,"minecraft:rotten_flesh":29,"born_in_chaos_v1:seedof_chaos":3,"minecraft:gunpowder":3,"minecraft:stone_brick_wall":1,"minecraft:arrow":480,"minecraft:netherrack":3,"minecraft:oak_slab":2,"minecraft:wheat_seeds":3,"minecraft:golden_axe":1,"minecraft:iron_helmet":2,"minecraft:spruce_stairs":4,"minecraft:polished_andesite":2,"minecraft:diorite":18,"minecraft:torch":65,"minecraft:wooden_axe":1,"minecraft:zombie_head":1,"minecraft:iron_leggings":1,"minecraft:red_dye":2,"minecraft:string":8,"minecraft:bucket":1,"minecraft:stone_brick_slab":2,"minecraft:redstone":26,"minecraft:blaze_rod":1,"minecraft:tuff":4,"minecraft:clay_ball":2,"minecraft:iron_boots":1,"sophisticatedbackpacks:backpack":1,"minecraft:flint_and_steel":1,"minecraft:diamond_sword":3,"farmersdelight:flint_knife":1,"minecraft:orange_terracotta":6,"minecraft:diamond_pickaxe":1,"minecraft:iron_chestplate":1,"minecraft:andesite":97,"minecraft:oak_sapling":2,"minecraft:slime_ball":5,"minecraft:red_sand":1,"minecraft:bow":2,"minecraft:wooden_pickaxe":1},"minecraft:used":{"alexsmobs:emu_egg":2,"minecraft:red_sand":30,"minecraft:iron_shovel":3,"minecraft:chest":4,"minecraft:shield":82,"minecraft:iron_sword":149,"minecraft:bell":1,"minecraft:rotten_flesh":5,"minecraft:jungle_planks":6,"minecraft:honey_bottle":12,"born_in_chaos_v1:corpse_maggot":4,"minecraft:lantern":1,"minecraft:light_blue_bed":1,"minecraft:bow":184,"minecraft:hay_block":5,"minecraft:sweet_berries":7,"minecraft:furnace":9,"minecraft:gray_bed":3,"minecraft:damaged_anvil":1,"minecraft:oak_planks":1,"minecraft:stone_pickaxe":173,"minecraft:wooden_pickaxe":23,"minecraft:sandstone":18,"minecraft:mossy_stone_brick_stairs":1,"minecraft:composter":1,"minecraft:diamond_axe":236,"minecraft:sand":5,"minecraft:yellow_concrete":7,"minecraft:black_bed":1,"born_in_chaos_v1:monster_flesh":1,"minecraft:birch_slab":1,"gnumus:gnumus_chickpeas":3,"minecraft:bread":65,"minecraft:cyan_bed":1,"born_in_chaos_v1:staffof_magic_arrows":2,"minecraft:iron_door":1,"minecraft:gravel":25,"minecraft:diamond_sword":720,"minecraft:smithing_table":1,"minecraft:andesite":18,"minecraft:smooth_stone_slab":2,"minecraft:coarse_dirt":3,"minecraft:stone_sword":33,"minecraft:stone_shovel":43,"minecraft:netherrack":216,"minecraft:torch":206,"minecraft:dirt":50,"farmersdelight:flint_knife":7,"minecraft:stone_brick_slab":1,"minecraft:brown_terracotta":6,"minecraft:wooden_axe":8,"minecraft:bookshelf":11,"minecraft:iron_axe":290,"minecraft:jungle_log":9,"minecraft:cobbled_deepslate":65,"minecraft:light_gray_bed":1,"minecraft:orange_terracotta":5,"minecraft:brown_bed":2,"minecraft:glass_bottle":1,"minecraft:cut_sandstone":1,"minecraft:fletching_table":5,"minecraft:terracotta":74,"minecraft:oak_slab":6,"minecraft:crafting_table":14,"minecraft:red_bed":1,"minecraft:smoker":2,"minecraft:diamond_pickaxe":416,"minecraft:apple":1,"minecraft:oak_button":3,"minecraft:iron_pickaxe":184,"minecraft:stone_axe":19,"minecraft:cobblestone":108,"minecraft:purple_bed":1,"minecraft:bucket":1,"minecraft:sandstone_slab":2},"minecraft:killed_by":{"undead_revamp2:sucker":2,"undead_revamp2:the_moonflower":1,"minecraft:wither_skeleton":2,"born_in_chaos_v1:nightmare_stalker":1,"minecraft:creeper":1,"born_in_chaos_v1:spirit_guide":1,"minecraft:pillager":7,"enemyexpansion:slugger":1,"born_in_chaos_v1:corpse_fly":3,"minecraft:drowned":1,"enemyexpansion:huntsman":2,"undead_revamp2:clogger":3,"sons_of_sins:betrayed_guzzler":3,"they_watch_from_the_mist:them_aggro":2,"gnumus:gnumus_hunter":1,"enemyexpansion:sprinter":1,"enemyexpansion:scorpion":4,"minecraft:silverfish":1,"minecraft:blaze":1,"minecraft:zombie":10,"born_in_chaos_v1:spirit_guide_assistant":1,"undead_revamp2:thesmoker":1,"undead_revamp2:thepregnant":1,"enemyexpansion:invisicreeper":3,"undead_revamp2:theimmortal":1,"minecraft:player":1,"enemyexpansion:equestrian":1,"arphex:spider_larvae":2,"undead_revamp2:thehorrors":1,"undead_revamp2:thehunter":3,"alexsmobs:guster":1,"alexsmobs:centipede_head":1,"minecraft:skeleton":25,"enemyexpansion:botfly":1,"enemyexpansion:direwolf":1,"arphex:centipede_stalker":2},"minecraft:picked_up":{"minecraft:wheat":2,"minecraft:smithing_table":1,"gnumus:gnumus_claw":1,"minecraft:diamond_sword":3,"minecraft:brown_bed":2,"minecraft:enchanted_book":3,"born_in_chaos_v1:black_argillite":2,"minecraft:string":12,"minecraft:smooth_stone_slab":4,"minecraft:zombie_head":2,"minecraft:smooth_stone":11,"alexsmobs:emu_feather":1,"minecraft:red_sand":56,"minecraft:cobbled_deepslate":153,"alexsmobs:banana":3,"bosses_of_mass_destruction:soul_star":2,"minecraft:spruce_planks":9,"minecraft:red_dye":2,"minecraft:rose_bush":6,"minecraft:iron_pickaxe":2,"wstweaks:fragment":3,"minecraft:stick":39,"minecraft:composter":1,"minecraft:brown_terracotta":6,"minecraft:torch":84,"minecraft:spruce_stairs":4,"minecraft:diorite":22,"minecraft:cactus":5,"minecraft:light_gray_bed":1,"minecraft:rotten_flesh":102,"artifacts:villager_hat":2,"gnumus:gnumus_chickpeas":3,"alexsmobs:emu_egg":17,"farmersdelight:rope":8,"minecraft:blaze_rod":4,"minecraft:deepslate_brick_stairs":1,"minecraft:obsidian":1,"minecraft:cobblestone":198,"born_in_chaos_v1:staffof_magic_arrows":1,"minecraft:magma_block":7,"gnumus:gnumus_doubloons":2,"minecraft:magma_cream":1,"born_in_chaos_v1:spiritual_dust":1,"minecraft:birch_slab":1,"minecraft:andesite":115,"minecraft:jungle_log":401,"minecraft:black_bed":1,"minecraft:jungle_wood":2,"minecraft:smoker":2,"minecraft:flint":2,"minecraft:tuff":19,"undead_revamp2:huntereye":1,"minecraft:lapis_lazuli":82,"minecraft:dirt":58,"minecraft:lantern":1,"born_in_chaos_v1:monster_skin":2,"minecraft:bone":71,"undead_revamp2:blacpetalblock":1,"minecraft:bow":1,"minecraft:wheat_seeds":3,"minecraft:raw_gold":40,"minecraft:bell":1,"minecraft:fletching_table":3,"minecraft:mossy_stone_brick_stairs":2,"minecraft:sand":23,"minecraft:jungle_planks":10,"minecraft:cyan_bed":1,"minecraft:mossy_cobblestone":2,"minecraft:polished_andesite":2,"alexsmobs:guster_eye":1,"minecraft:diamond":5,"gnumus:gnumus_clay":10,"alexsmobs:rattlesnake_rattle":1,"minecraft:granite":8,"minecraft:golden_apple":2,"minecraft:emerald":2,"minecraft:bread":2,"alexsmobs:maggot":2,"minecraft:oak_sapling":12,"minecraft:netherrack":219,"minecraft:diamond_pickaxe":1,"minecraft:coarse_dirt":6,"minecraft:crafting_table":4,"minecraft:sandstone_slab":2,"minecraft:nether_wart":1,"minecraft:clay_ball":2,"born_in_chaos_v1:seedof_chaos":4,"minecraft:stone_brick_wall":1,"minecraft:chain":3,"gravestone:obituary":67,"minecraft:shield":1,"minecraft:red_bed":1,"minecraft:blue_orchid":1,"minecraft:beef":3,"minecraft:oak_boat":1,"minecraft:jungle_sapling":19,"minecraft:iron_nugget":11,"minecraft:raw_iron":80,"minecraft:sandstone":18,"minecraft:spruce_fence":1,"sophisticatedbackpacks:backpack":5,"born_in_chaos_v1:pieceofdarkmetal":8,"minecraft:carrot":1,"minecraft:redstone":52,"minecraft:light_blue_bed":1,"minecraft:dark_oak_planks":3,"minecraft:arrow":57,"minecraft:diamond_chestplate":1,"minecraft:hay_block":72,"minecraft:gold_ingot":1,"minecraft:skeleton_skull":1,"minecraft:stripped_oak_log":1,"born_in_chaos_v1:corpse_maggot":4,"born_in_chaos_v1:monster_flesh":2,"minecraft:glow_ink_sac":4,"minecraft:salmon":7,"minecraft:leather":1,"minecraft:cut_sandstone":1,"minecraft:acacia_wood":9,"gnumus:gnumus_pouch":3,"minecraft:oak_log":26,"minecraft:cobbled_deepslate_stairs":1,"minecraft:gunpowder":19,"enemyexpansion:scorpion_tail":1,"minecraft:orange_terracotta":14,"minecraft:apple":1,"gnumus:gnumus_horn":3,"minecraft:iron_ingot":3,"minecraft:cobweb":10,"minecraft:glass_bottle":1,"minecraft:gray_bed":3,"minecraft:iron_sword":3,"minecraft:book":33,"minecraft:oak_slab":2,"minecraft:sweet_berries":3,"minecraft:yellow_concrete":7,"minecraft:stone_brick_slab":3,"born_in_chaos_v1:ethereal_spirit":6,"minecraft:dripstone_block":3,"minecraft:gravel":25,"minecraft:spruce_log":1,"minecraft:crying_obsidian":1,"minecraft:spider_eye":1,"alexsmobs:raw_catfish":2,"minecraft:purple_bed":1,"minecraft:slime_ball":16,"minecraft:stone_axe":1,"minecraft:diamond_axe":1,"minecraft:oak_button":1,"minecraft:terracotta":106,"minecraft:damaged_anvil":1,"minecraft:coal":63}},"DataVersion":3465}