{"stats":{"minecraft:mined":{"minecraft:jungle_leaves":1,"minecraft:red_nether_bricks":3,"minecraft:obsidian":13,"minecraft:granite":30,"minecraft:red_sand":3,"minecraft:jungle_log":38,"minecraft:hopper":2,"minecraft:nether_wart":6,"minecraft:spawner":7,"minecraft:tall_seagrass":2,"minecraft:magma_block":1,"minecraft:cobbled_deepslate":5,"minecraft:fire":80,"minecraft:pumpkin":42,"minecraft:moss_carpet":1,"minecraft:deepslate_lapis_ore":8,"minecraft:dirt_path":10,"minecraft:iron_block":2,"minecraft:sandstone_slab":5,"minecraft:amethyst_cluster":11,"born_in_chaos_v1:infected_deepslate_diamond_ore":10,"minecraft:torch":71,"minecraft:blast_furnace":1,"minecraft:melon":20,"minecraft:polished_andesite_stairs":4,"minecraft:dead_bush":17,"minecraft:cyan_bed":1,"minecraft:sugar_cane":20,"minecraft:bricks":1,"minecraft:amethyst_block":1,"minecraft:skeleton_skull":1,"minecraft:white_terracotta":23,"minecraft:jungle_wood":7,"minecraft:wheat":69,"minecraft:jukebox":1,"minecraft:yellow_glazed_terracotta":1,"minecraft:grass":24,"minecraft:stonecutter":2,"minecraft:yellow_stained_glass":1,"minecraft:deepslate":326,"minecraft:jungle_planks":4,"minecraft:stripped_jungle_wood":1,"minecraft:magenta_concrete":4,"minecraft:moss_block":2,"minecraft:redstone_ore":8,"minecraft:andesite":5,"minecraft:potatoes":82,"minecraft:vine":24,"gnumus:fragile_gnumus_jug":3,"minecraft:bamboo":34,"minecraft:potted_allium":2,"minecraft:smithing_table":1,"minecraft:birch_stairs":6,"minecraft:soul_sand":8,"minecraft:dandelion":1,"graveyard:tg_rooted_dirt":3,"minecraft:tall_grass":9,"minecraft:copper_ore":16,"minecraft:deepslate_gold_ore":78,"farmersdelight:wild_tomatoes":1,"minecraft:diorite":27,"minecraft:birch_leaves":2,"minecraft:gravel":27,"minecraft:dripstone_block":1,"minecraft:cobweb":29,"minecraft:acacia_planks":2,"minecraft:oak_button":4,"minecraft:stone_bricks":1,"minecraft:gold_ore":13,"minecraft:fern":1,"graveyard:tg_coarse_dirt":2,"farmersdelight:rich_soil":6,"minecraft:cobblestone_stairs":1,"minecraft:brewing_stand":1,"minecraft:grass_block":29,"minecraft:soul_soil":1,"minecraft:composter":2,"minecraft:smooth_stone":5,"minecraft:iron_ore":93,"minecraft:brown_bed":3,"minecraft:deepslate_redstone_ore":17,"minecraft:jungle_door":1,"minecraft:orange_terracotta":8,"minecraft:soul_lantern":1,"minecraft:chest":2,"minecraft:cobblestone":21,"minecraft:oak_planks":1,"placeablesmod:bread_full_block":2,"minecraft:iron_door":1,"minecraft:wall_torch":26,"minecraft:deepslate_copper_ore":28,"minecraft:birch_log":20,"minecraft:smooth_stone_slab":1,"minecraft:oak_log":91,"minecraft:beetroots":71,"minecraft:sand":34,"minecraft:dirt":57,"graveyard:small_cyan_urn":1,"minecraft:netherrack":3,"minecraft:oak_leaves":26,"minecraft:tuff":6,"the_knocker:deadcow":1,"minecraft:deepslate_diamond_ore":14,"graveyard:acacia_coffin":2,"minecraft:lever":1,"gravestone:gravestone":92,"minecraft:birch_slab":1,"minecraft:spruce_leaves":1,"minecraft:sandstone":48,"minecraft:oak_trapdoor":1,"minecraft:furnace":2,"minecraft:carrots":398,"minecraft:orange_stained_glass_pane":1,"minecraft:gold_block":3,"minecraft:nether_brick_fence":2,"minecraft:bookshelf":24,"minecraft:deepslate_iron_ore":26,"placeablesmod:cooked_chicken_block":1,"minecraft:stone":314,"minecraft:jungle_fence_gate":1,"minecraft:scaffolding":13,"minecraft:crafting_table":6,"minecraft:lectern":117,"born_in_chaos_v1:chipped_black_argillite_brick":1,"minecraft:lapis_ore":13,"minecraft:spruce_stairs":1,"minecraft:cactus":1,"minecraft:redstone_torch":1,"minecraft:sweet_berry_bush":1,"minecraft:gray_bed":5,"minecraft:coal_ore":158,"minecraft:terracotta":74,"minecraft:polished_andesite":1,"minecraft:mossy_stone_bricks":1,"minecraft:birch_fence":3},"minecraft:broken":{"minecraft:iron_boots":3,"minecraft:iron_chestplate":3,"minecraft:iron_leggings":4,"minecraft:chainmail_boots":1,"minecraft:stone_sword":2,"minecraft:chainmail_helmet":1,"minecraft:shield":1,"minecraft:iron_helmet":4,"minecraft:stone_pickaxe":2,"minecraft:stone_axe":3},"minecraft:crafted":{"minecraft:ender_chest":1,"minecraft:jungle_fence_gate":1,"minecraft:blaze_powder":2,"sophisticatedbackpacks:crafting_upgrade":1,"minecraft:bookshelf":1,"sophisticatedbackpacks:smelting_upgrade":1,"sophisticatedbackpacks:tank_upgrade":1,"minecraft:melon_seeds":2,"minecraft:emerald":96,"minecraft:diamond_axe":1,"minecraft:jungle_boat":2,"minecraft:copper_ingot":135,"minecraft:sticky_piston":1,"minecraft:campfire":2,"minecraft:lectern":1,"minecraft:iron_pickaxe":2,"minecraft:gold_ingot":69,"sophisticatedbackpacks:stack_upgrade_tier_1":1,"minecraft:acacia_fence_gate":1,"sophisticatedbackpacks:advanced_pump_upgrade":1,"minecraft:stone_pickaxe":3,"minecraft:enchanting_table":1,"sophisticatedbackpacks:gold_backpack":2,"minecraft:enchanted_book":14,"minecraft:iron_leggings":5,"minecraft:oak_planks":92,"minecraft:cobblestone_stairs":4,"minecraft:bow":1,"minecraft:iron_boots":7,"minecraft:chest":1,"minecraft:stone_hoe":1,"minecraft:ender_eye":2,"minecraft:oak_slab":6,"sophisticatedbackpacks:backpack":1,"minecraft:crafting_table":2,"minecraft:wooden_pickaxe":1,"minecraft:baked_potato":208,"minecraft:iron_helmet":5,"minecraft:birch_planks":80,"sophisticatedbackpacks:upgrade_base":5,"minecraft:dispenser":1,"minecraft:book":3,"sophisticatedbackpacks:xp_pump_upgrade":1,"minecraft:iron_chestplate":5,"minecraft:diamond_pickaxe":2,"minecraft:shield":2,"minecraft:stick":300,"minecraft:iron_ingot":107,"minecraft:stone_sword":1,"minecraft:redstone_torch":1,"minecraft:cherry_planks":8,"minecraft:furnace":1,"minecraft:piston":2,"sophisticatedbackpacks:stack_upgrade_starter_tier":1,"minecraft:scaffolding":12,"minecraft:leather":2,"sophisticatedbackpacks:stack_upgrade_tier_2":1,"sophisticatedbackpacks:iron_backpack":2,"minecraft:diamond_sword":1,"minecraft:bucket":2,"minecraft:stone_axe":12,"minecraft:air":0,"minecraft:jungle_planks":48,"minecraft:oak_boat":1,"sophisticatedbackpacks:pump_upgrade":1,"minecraft:acacia_planks":36,"minecraft:torch":304},"minecraft:killed":{"born_in_chaos_v1:restless_spirit":2,"born_in_chaos_v1:zombie_lumberjack":4,"born_in_chaos_v1:skeleton_demoman":1,"enemyexpansion:equestrian":1,"born_in_chaos_v1:siamese_skeletonsright":1,"undead_revamp2:theswarmer":4,"minecraft:skeleton":39,"undead_revamp2:thepregnant":1,"undead_revamp2:thespitter":2,"enemyexpansion:vampflyer":1,"arphex:spider_larvae_tiny":2,"minecraft:salmon":5,"undead_revamp2:theheavy":1,"arphex:centipede_evictor_larvae":1,"minecraft:pillager":14,"minecraft:zombie":47,"enemyexpansion:vampire":1,"born_in_chaos_v1:corpse_fly":48,"enemyexpansion:botfly":11,"alexsmobs:roadrunner":4,"mutantmonsters:mutant_creeper":1,"born_in_chaos_v1:door_knight":3,"arphex:spider_larvae":1,"enemyexpansion:trollenraged":1,"undead_revamp2:thehunter":4,"undead_revamp2:theimmortal":5,"undead_revamp2:bomber":1,"enemyexpansion:faller":1,"mowziesmobs:ferrous_wroughtnaut":1,"arphex:hornet_harbinger":2,"enemyexpansion:silverqueen":1,"gnumus:gnumus_hunter":10,"undead_revamp2:thebidy":2,"alexsmobs:underminer":1,"born_in_chaos_v1:barrel_zombie":1,"enemyexpansion:scorpion":11,"born_in_chaos_v1:spiritof_chaos":1,"born_in_chaos_v1:spirit_guide":1,"alexsmobs:guster":13,"minecraft:husk":3,"graveyard:ghoul":2,"born_in_chaos_v1:bone_imp_minion":7,"undead_revamp2:the_moonflower":23,"enemyexpansion:sprinter":1,"born_in_chaos_v1:decrepit_skeleton":10,"gnumus:gnumus_merchant":1,"born_in_chaos_v1:bloody_gadfly":3,"undead_revamp2:thesomnolence":12,"born_in_chaos_v1:dark_vortex":2,"minecraft:enderman":2,"undead_revamp2:thewolf":3,"minecraft:spider":26,"undead_revamp2:thesmoker":6,"gnumus:pitcher_mousse":1,"minecraft:silverfish":16,"undead_revamp2:therod":3,"born_in_chaos_v1:firelight_not_despawn":2,"minecraft:pig":2,"born_in_chaos_v1:diamond_termite":15,"arphex:maggot":1,"undead_revamp2:thebeartamer":4,"minecraft:creeper":15,"undead_revamp2:theordure":1,"undead_revamp2:thebidyupside":2,"born_in_chaos_v1:dread_hound":9,"undead_revamp2:theskeeper":1,"cave_dweller:cave_dweller":1,"born_in_chaos_v1:siamese_skeletonsleft":1,"minecraft:blaze":2,"arphex:hornet_harbinger_giant":1,"alexsmobs:tarantula_hawk":1,"undead_revamp2:thegliter":1,"enemyexpansion:intruder":1,"minecraft:slime":3,"enemyexpansion:direwolf":23,"alexsmobs:rattlesnake":6,"born_in_chaos_v1:zombie_bruiser":8,"born_in_chaos_v1:maggot":38,"they_watch_from_the_mist:them_aggro":1,"minecraft:drowned":3,"born_in_chaos_v1:corpse_fish":16,"undead_revamp2:sucker":5,"born_in_chaos_v1:fallen_chaos_knight":1,"born_in_chaos_v1:baby_skeleton":2,"born_in_chaos_v1:swarmer":3,"born_in_chaos_v1:spirit_guide_assistant":4,"minecraft:bat":2,"alexsmobs:emu":1,"enemyexpansion:crawler":1,"sons_of_sins:betrayed_guzzler":1,"enemyexpansion:huntsman":4,"minecraft:wither_skeleton":9,"enemyexpansion:slugger":5},"minecraft:custom":{"minecraft:interact_with_crafting_table":55,"minecraft:open_barrel":65,"minecraft:bell_ring":76,"minecraft:leave_game":12,"minecraft:time_since_death":95350,"minecraft:damage_blocked_by_shield":14562,"minecraft:play_time":1205237,"minecraft:deaths":95,"minecraft:jump":15355,"minecraft:enchant_item":19,"minecraft:interact_with_furnace":47,"minecraft:traded_with_villager":110,"minecraft:interact_with_cartography_table":2,"minecraft:sleep_in_bed":48,"minecraft:waystone_activated":6,"minecraft:damage_dealt":114160,"minecraft:interact_with_smoker":12,"minecraft:inspect_dispenser":3,"minecraft:interact_with_smithing_table":3,"minecraft:interact_with_anvil":28,"minecraft:inspect_hopper":2,"minecraft:damage_dealt_absorbed":201,"minecraft:sneak_time":54410,"minecraft:interact_with_blast_furnace":27,"minecraft:total_world_time":1205237,"minecraft:tune_noteblock":1,"minecraft:interact_with_stonecutter":4,"minecraft:time_since_rest":95376,"minecraft:swim_one_cm":49042,"minecraft:fly_one_cm":2517081,"minecraft:open_chest":245,"minecraft:fall_one_cm":197850,"minecraft:animals_bred":30,"minecraft:damage_resisted":5,"minecraft:sprint_one_cm":1302113,"minecraft:drop":297,"minecraft:talked_to_villager":760,"minecraft:interact_with_brewingstand":1,"minecraft:walk_on_water_one_cm":189689,"minecraft:interact_with_loom":1,"minecraft:open_enderchest":50,"minecraft:player_kills":1,"minecraft:crouch_one_cm":115944,"minecraft:mob_kills":672,"minecraft:interact_with_campfire":13,"minecraft:damage_dealt_resisted":5138,"minecraft:climb_one_cm":113263,"minecraft:walk_one_cm":3734555,"minecraft:walk_under_water_one_cm":86332,"minecraft:boat_one_cm":510883,"minecraft:pot_flower":1,"minecraft:damage_absorbed":44,"minecraft:damage_taken":40079},"minecraft:dropped":{"sophisticatedbackpacks:iron_backpack":3,"gnumus:overripe_carrot":7,"minecraft:dirt":5,"minecraft:birch_fence":1,"minecraft:stone_button":2,"minecraft:jungle_sapling":1,"minecraft:bone_meal":1,"minecraft:sand":7,"minecraft:birch_stairs":1,"minecraft:birch_sapling":7,"minecraft:wheat":5,"undead_revamp2:arapholia":4,"minecraft:rotten_flesh":5,"alexsmobs:emu_egg":10,"farmersdelight:tomato_seeds":1,"minecraft:iron_ingot":2,"minecraft:wheat_seeds":113,"minecraft:dripstone_block":6,"minecraft:iron_helmet":2,"minecraft:cobblestone":7,"minecraft:granite":3,"minecraft:coal":16,"minecraft:oxeye_daisy":1,"minecraft:lava_bucket":1,"minecraft:string":1,"minecraft:bricks":1,"minecraft:moss_carpet":1,"minecraft:jungle_fence_gate":2,"sophisticatedbackpacks:backpack":1,"minecraft:magenta_concrete":4,"minecraft:flower_pot":3,"minecraft:allium":4,"minecraft:diamond_pickaxe":2,"minecraft:brown_bed":1,"minecraft:sandstone":11,"minecraft:red_sand":2,"minecraft:red_tulip":2,"minecraft:magma_block":1,"minecraft:terracotta":11,"minecraft:diamond_axe":1,"minecraft:sandstone_slab":4,"gravestone:obituary":150,"minecraft:gravel":2,"artifacts:villager_hat":1,"gnumus:gnumus_doubloons":1,"minecraft:skeleton_skull":1,"born_in_chaos_v1:corpse_maggot":27,"minecraft:beetroot_seeds":153,"minecraft:melon_seeds":2,"artifacts:scarf_of_invisibility":1,"minecraft:netherrack":2,"minecraft:purple_carpet":2,"minecraft:bread":64,"minecraft:spruce_stairs":2,"minecraft:diorite":17,"minecraft:zombie_head":1,"minecraft:cactus":2,"minecraft:dandelion":1,"minecraft:oak_trapdoor":1,"minecraft:tuff":1,"minecraft:composter":2,"minecraft:oak_button":1,"minecraft:orange_terracotta":6,"minecraft:andesite":7,"minecraft:oak_sapling":9},"minecraft:used":{"minecraft:beetroot":34,"minecraft:moss_block":3,"minecraft:chest":1,"minecraft:rotten_flesh":14,"graveyard:acacia_coffin":2,"graveyard:small_cyan_urn":1,"minecraft:soul_sand":11,"minecraft:lava_bucket":134,"minecraft:villager_spawn_egg":31,"minecraft:jungle_fence_gate":1,"minecraft:polished_andesite_stairs":2,"minecraft:bow":180,"minecraft:sweet_berries":73,"minecraft:furnace":2,"guardvillagers:guard_spawn_egg":40,"minecraft:oak_sapling":12,"minecraft:potato":48,"minecraft:mossy_stone_bricks":1,"minecraft:diorite":13,"minecraft:cactus":3,"minecraft:wooden_pickaxe":57,"minecraft:composter":1,"minecraft:jungle_boat":7,"minecraft:sand":38,"minecraft:blast_furnace":1,"minecraft:birch_fence":2,"minecraft:chiseled_sandstone":1,"minecraft:lectern":548,"minecraft:soul_lantern":1,"minecraft:diamond_sword":1062,"minecraft:smithing_table":1,"minecraft:oak_boat":1,"minecraft:enchanting_table":1,"waystones:sandy_waystone":2,"minecraft:stone_sword":207,"minecraft:cooked_salmon":5,"minecraft:netherrack":2,"minecraft:torch":591,"minecraft:brewing_stand":1,"minecraft:rooted_dirt":1,"minecraft:melon_seeds":2,"minecraft:bamboo":39,"minecraft:acacia_planks":36,"minecraft:cobbled_deepslate":166,"minecraft:orange_terracotta":2,"minecraft:wheat_seeds":75,"minecraft:water_bucket":19,"minecraft:gold_ore":3,"minecraft:crafting_table":6,"minecraft:campfire":2,"mowziesmobs:wrought_axe":302,"minecraft:oak_log":5,"minecraft:diamond_pickaxe":711,"minecraft:oak_button":2,"minecraft:iron_pickaxe":345,"minecraft:cobblestone":233,"minecraft:cooked_porkchop":2,"minecraft:sandstone_slab":1,"minecraft:candle":3,"minecraft:shield":199,"minecraft:white_terracotta":20,"minecraft:iron_sword":68,"minecraft:nether_wart":8,"minecraft:iron_chestplate":1,"artifacts:umbrella":170,"minecraft:jungle_planks":19,"minecraft:carrot":708,"minecraft:tuff":18,"minecraft:milk_bucket":1,"minecraft:obsidian":4,"minecraft:honey_bottle":2,"minecraft:cyan_terracotta":1,"minecraft:bricks":2,"minecraft:lantern":1,"minecraft:iron_helmet":2,"minecraft:stone_bricks":1,"minecraft:scaffolding":46,"minecraft:gray_bed":5,"minecraft:beetroot_seeds":4,"minecraft:skeleton_skull":2,"minecraft:stone_pickaxe":404,"minecraft:oak_planks":1,"minecraft:sandstone":56,"minecraft:sugar_cane":33,"minecraft:diamond_axe":73,"minecraft:yellow_terracotta":1,"minecraft:dripstone_block":1,"minecraft:redstone_torch":3,"waystones:waystone":2,"minecraft:lever":1,"minecraft:melon_slice":64,"minecraft:cyan_bed":1,"minecraft:bread":101,"minecraft:string":1,"minecraft:iron_door":1,"minecraft:gravel":46,"minecraft:cooked_rabbit":3,"minecraft:andesite":3,"minecraft:coarse_dirt":1,"minecraft:golden_pickaxe":18,"minecraft:cobweb":2,"minecraft:flint_and_steel":2,"minecraft:spruce_planks":1,"minecraft:ender_chest":1,"farmersdelight:rich_soil":6,"minecraft:stone_hoe":4,"minecraft:cooked_chicken":3,"minecraft:dirt":145,"minecraft:spruce_stairs":3,"minecraft:granite":29,"minecraft:bookshelf":18,"minecraft:soul_soil":1,"alexsmobs:banana":1,"minecraft:cooked_beef":1,"minecraft:iron_leggings":1,"minecraft:brown_bed":5,"minecraft:amethyst_block":1,"minecraft:cobblestone_stairs":5,"minecraft:polished_andesite":4,"minecraft:baked_potato":25,"minecraft:red_nether_bricks":2,"gnumus:overripe_carrot":49,"minecraft:stonecutter":1,"minecraft:green_bed":1,"minecraft:terracotta":248,"minecraft:flower_pot":3,"minecraft:jungle_stairs":2,"minecraft:magenta_concrete":2,"minecraft:acacia_fence_gate":1,"minecraft:stone_axe":654,"minecraft:jungle_door":1,"minecraft:bucket":40,"alexsmobs:animal_dictionary":1,"minecraft:sea_pickle":1,"minecraft:smooth_stone":4,"minecraft:birch_stairs":5,"alexsmobs:emu_egg":2},"minecraft:killed_by":{"born_in_chaos_v1:nightmare_stalker":3,"minecraft:pillager":14,"they_watch_from_the_mist:them_aggro":3,"gnumus:gnumus_hunter":1,"enemyexpansion:scorpion":4,"minecraft:zombie":7,"born_in_chaos_v1:dire_hound_leader":1,"enemyexpansion:invisicreeper":3,"undead_revamp2:thegliter":2,"born_in_chaos_v1:siamese_skeletonsleft":1,"mutantmonsters:mutant_skeleton":1,"enemyexpansion:botfly":1,"cave_dweller:cave_dweller":2,"undead_revamp2:sucker":1,"minecraft:creeper":1,"born_in_chaos_v1:bone_imp_minion":3,"born_in_chaos_v1:corpse_fly":2,"minecraft:drowned":1,"enemyexpansion:sprinter":2,"born_in_chaos_v1:diamond_termite":1,"minecraft:blaze":1,"born_in_chaos_v1:spirit_guide_assistant":1,"enemyexpansion:silverqueen":1,"minecraft:player":3,"enemyexpansion:trollenraged":1,"minecraft:spider":1,"born_in_chaos_v1:skeleton_thrasher":1,"born_in_chaos_v1:phantom_creeper":1,"arphex:hornet_harbinger":1,"undead_revamp2:thehunter":4,"minecraft:skeleton":18},"minecraft:picked_up":{"minecraft:iron_chestplate":1,"minecraft:flower_pot":4,"minecraft:smithing_table":1,"minecraft:diamond_sword":1,"minecraft:oak_stairs":2,"minecraft:brown_bed":4,"minecraft:enchanted_book":1,"minecraft:brewing_stand":1,"minecraft:amethyst_block":1,"minecraft:string":100,"born_in_chaos_v1:mesh_door":1,"minecraft:soul_soil":1,"minecraft:cooked_salmon":5,"minecraft:red_nether_bricks":2,"minecraft:beetroot":66,"minecraft:gold_nugget":1,"minecraft:cobbled_deepslate":408,"minecraft:spruce_planks":4,"minecraft:melon_slice":98,"wstweaks:fragment":9,"minecraft:jukebox":1,"born_in_chaos_v1:shattered_skull":4,"minecraft:composter":4,"born_in_chaos_v1:pileof_dark_metal":1,"minecraft:cherry_log":2,"gnumus:wrapper_with_goods":1,"gnumus:vintage_metal":2,"artifacts:villager_hat":1,"minecraft:red_tulip":2,"minecraft:iron_block":2,"minecraft:cyan_terracotta":1,"farmersdelight:rope":7,"minecraft:bookshelf":18,"minecraft:white_terracotta":21,"minecraft:blaze_rod":1,"minecraft:birch_log":20,"minecraft:magma_block":1,"minecraft:feather":5,"minecraft:cooked_beef":1,"minecraft:iron_door":1,"born_in_chaos_v1:spiritual_dust":2,"minecraft:jungle_log":42,"minecraft:jungle_wood":7,"minecraft:flint":2,"minecraft:lantern":1,"gnumus:gnumus_pouch_2":8,"minecraft:purple_carpet":2,"undead_revamp2:blacpetalblock":1,"minecraft:stonecutter":2,"minecraft:rabbit":9,"minecraft:moss_block":2,"sophisticatedbackpacks:iron_backpack":4,"minecraft:fermented_spider_eye":1,"undead_revamp2:heavytooth":2,"minecraft:polished_andesite":4,"alexsmobs:guster_eye":2,"minecraft:lever":1,"minecraft:granite":32,"alexsmobs:tarantula_hawk_wing_fragment":1,"minecraft:golden_horse_armor":1,"minecraft:bread":8,"minecraft:rooted_dirt":1,"born_in_chaos_v1:rotten_fish":7,"minecraft:bricks":3,"minecraft:diamond_pickaxe":2,"minecraft:crafting_table":6,"minecraft:coarse_dirt":1,"graveyard:acacia_coffin":2,"minecraft:sandstone_slab":5,"minecraft:clay_ball":4,"minecraft:nether_wart":9,"born_in_chaos_v1:seedof_chaos":3,"gravestone:obituary":56,"minecraft:flint_and_steel":1,"born_in_chaos_v1:gnawed_bones":2,"minecraft:jungle_sapling":1,"minecraft:chest":2,"minecraft:birch_sapling":7,"minecraft:sandstone":70,"farmersdelight:tomato_seeds":5,"minecraft:jungle_fence_gate":2,"graveyard:small_cyan_urn":1,"born_in_chaos_v1:pieceofdarkmetal":13,"minecraft:carrot":1564,"minecraft:redstone":110,"minecraft:beetroot_seeds":168,"minecraft:yellow_terracotta":1,"minecraft:totem_of_undying":1,"sophisticatedbackpacks:copper_backpack":1,"enemyexpansion:troll_molar":1,"minecraft:glow_berries":4,"gnumus:mouse_skin":24,"minecraft:mutton":3,"minecraft:white_wool":1,"minecraft:oxeye_daisy":1,"born_in_chaos_v1:monster_flesh":9,"minecraft:acacia_wood":9,"gnumus:gnumus_pouch":4,"waystones:sandy_waystone":2,"minecraft:oak_log":106,"mowziesmobs:wrought_axe":2,"enemyexpansion:scorpion_tail":3,"minecraft:paper":2,"minecraft:apple":2,"minecraft:stone_bricks":1,"minecraft:gray_bed":5,"minecraft:iron_sword":5,"minecraft:polished_andesite_stairs":4,"minecraft:sweet_berries":70,"born_in_chaos_v1:ethereal_spirit":7,"minecraft:gravel":66,"minecraft:birch_stairs":6,"gnumus:gnumus_cheese":2,"minecraft:slime_ball":20,"minecraft:stone_axe":2,"minecraft:oak_button":7,"minecraft:melon_seeds":2,"minecraft:hopper":2,"minecraft:ender_pearl":1,"minecraft:wheat":91,"minecraft:nether_brick_fence":2,"gnumus:gnumus_claw":17,"artifacts:umbrella":1,"born_in_chaos_v1:bloody_gadfly_eye":1,"minecraft:raw_copper":369,"arphex:necrotic_fang":1,"minecraft:zombie_head":1,"minecraft:experience_bottle":1,"minecraft:sea_pickle":1,"minecraft:red_sand":13,"alexsmobs:banana":1,"minecraft:smooth_stone":9,"minecraft:bucket":2,"minecraft:redstone_torch":2,"minecraft:iron_pickaxe":3,"born_in_chaos_v1:stimulating_decoction":1,"minecraft:furnace":2,"minecraft:blue_wool":4,"minecraft:stick":54,"minecraft:jungle_door":1,"minecraft:torch":152,"minecraft:spruce_stairs":7,"arphex:maggot_grub":1,"minecraft:porkchop":5,"minecraft:villager_spawn_egg":1,"minecraft:diorite":30,"minecraft:cactus":5,"minecraft:rotten_flesh":266,"alexsmobs:emu_egg":12,"minecraft:obsidian":13,"undead_revamp2:arapholia":4,"minecraft:cobblestone":397,"gnumus:gnumus_doubloons":12,"minecraft:andesite":10,"gnumus:overripe_carrot":56,"minecraft:golden_leggings":1,"minecraft:potato":309,"minecraft:tuff":19,"minecraft:dirt":153,"minecraft:lapis_lazuli":129,"born_in_chaos_v1:monster_skin":8,"minecraft:bone":128,"minecraft:acacia_planks":2,"minecraft:bow":1,"minecraft:wheat_seeds":191,"minecraft:raw_gold":172,"minecraft:mossy_stone_bricks":1,"minecraft:bamboo":101,"minecraft:oak_planks":1,"minecraft:cooked_porkchop":5,"minecraft:sand":73,"minecraft:jungle_planks":37,"minecraft:cyan_bed":1,"sons_of_sins:flesh_of_demise":1,"minecraft:chiseled_sandstone":1,"undead_revamp2:acidsack":1,"born_in_chaos_v1:fire_dust":2,"minecraft:diamond":26,"minecraft:soul_lantern":1,"gnumus:gnumus_clay":21,"waystones:waystone":2,"alexsmobs:rattlesnake_rattle":2,"minecraft:crossbow":3,"minecraft:bone_meal":8,"minecraft:emerald":5,"minecraft:oak_sapling":50,"minecraft:netherrack":4,"undead_revamp2:bostroxingot":1,"minecraft:cocoa_beans":9,"born_in_chaos_v1:diamond_termite_shard":15,"minecraft:allium":5,"minecraft:chicken":6,"minecraft:gold_block":3,"minecraft:shield":1,"minecraft:moss_carpet":1,"minecraft:oak_trapdoor":1,"minecraft:iron_axe":1,"minecraft:birch_fence":3,"minecraft:lectern":115,"minecraft:sugar_cane":45,"minecraft:raw_iron":155,"minecraft:copper_ingot":4,"minecraft:stone_button":2,"minecraft:arrow":538,"minecraft:jungle_stairs":2,"alexsmobs:ghostly_pickaxe":1,"minecraft:skeleton_skull":3,"born_in_chaos_v1:fused_bone":2,"born_in_chaos_v1:corpse_maggot":76,"farmersdelight:rich_soil":6,"minecraft:jungle_boat":6,"minecraft:golden_carrot":1,"minecraft:glow_ink_sac":3,"minecraft:salmon":5,"minecraft:leather":4,"minecraft:yellow_glazed_terracotta":1,"minecraft:gunpowder":46,"minecraft:cobblestone_stairs":1,"minecraft:orange_terracotta":16,"minecraft:iron_ingot":9,"minecraft:cooked_chicken":4,"minecraft:soul_sand":11,"minecraft:book":18,"minecraft:scaffolding":34,"minecraft:pumpkin":42,"minecraft:dandelion":1,"minecraft:dripstone_block":7,"born_in_chaos_v1:dark_rod":2,"minecraft:amethyst_shard":88,"mowziesmobs:wrought_helmet":1,"minecraft:blast_furnace":1,"artifacts:scarf_of_invisibility":2,"minecraft:spider_eye":4,"minecraft:chainmail_leggings":1,"minecraft:iron_helmet":3,"minecraft:stripped_jungle_wood":1,"minecraft:mossy_cobblestone_stairs":2,"minecraft:terracotta":65,"minecraft:magenta_concrete":6,"minecraft:coal":266}},"DataVersion":3465}