{"stats":{"minecraft:mined":{"graveyard:tg_coarse_dirt":2,"farmersdelight:rich_soil":6,"minecraft:jungle_leaves":1,"minecraft:red_nether_bricks":3,"minecraft:brewing_stand":1,"minecraft:obsidian":13,"minecraft:granite":30,"minecraft:red_sand":3,"minecraft:grass_block":13,"minecraft:jungle_log":8,"minecraft:soul_soil":1,"minecraft:composter":2,"minecraft:hopper":2,"minecraft:nether_wart":6,"minecraft:spawner":7,"minecraft:smooth_stone":5,"minecraft:tall_seagrass":1,"minecraft:magma_block":1,"minecraft:iron_ore":75,"minecraft:fire":80,"minecraft:cobbled_deepslate":3,"minecraft:moss_carpet":1,"minecraft:pumpkin":8,"minecraft:deepslate_lapis_ore":8,"minecraft:brown_bed":3,"minecraft:dirt_path":10,"minecraft:iron_block":2,"minecraft:deepslate_redstone_ore":17,"minecraft:sandstone_slab":3,"minecraft:jungle_door":1,"minecraft:orange_terracotta":8,"minecraft:soul_lantern":1,"minecraft:torch":61,"born_in_chaos_v1:infected_deepslate_diamond_ore":1,"minecraft:blast_furnace":1,"minecraft:polished_andesite_stairs":2,"minecraft:melon":14,"minecraft:chest":2,"minecraft:dead_bush":15,"minecraft:cobblestone":18,"minecraft:oak_planks":1,"minecraft:sugar_cane":10,"minecraft:cyan_bed":1,"minecraft:bricks":1,"placeablesmod:bread_full_block":1,"minecraft:iron_door":1,"minecraft:wall_torch":22,"minecraft:skeleton_skull":1,"minecraft:white_terracotta":23,"minecraft:jungle_wood":7,"minecraft:wheat":68,"minecraft:jukebox":1,"minecraft:yellow_glazed_terracotta":1,"minecraft:smooth_stone_slab":1,"minecraft:grass":24,"minecraft:oak_log":8,"minecraft:beetroots":50,"minecraft:dirt":46,"minecraft:sand":33,"graveyard:small_cyan_urn":1,"minecraft:stonecutter":1,"minecraft:yellow_stained_glass":1,"minecraft:netherrack":3,"minecraft:oak_leaves":22,"minecraft:deepslate":70,"minecraft:tuff":2,"the_knocker:deadcow":1,"minecraft:deepslate_diamond_ore":6,"graveyard:acacia_coffin":2,"minecraft:lever":1,"gravestone:gravestone":88,"minecraft:jungle_planks":4,"minecraft:stripped_jungle_wood":1,"minecraft:magenta_concrete":4,"minecraft:spruce_leaves":1,"minecraft:birch_slab":1,"minecraft:moss_block":2,"minecraft:sandstone":47,"minecraft:redstone_ore":8,"minecraft:oak_trapdoor":1,"minecraft:furnace":2,"minecraft:carrots":96,"minecraft:orange_stained_glass_pane":1,"minecraft:andesite":1,"minecraft:gold_block":3,"minecraft:nether_brick_fence":2,"minecraft:bookshelf":20,"minecraft:potatoes":63,"minecraft:deepslate_iron_ore":16,"minecraft:vine":19,"placeablesmod:cooked_chicken_block":1,"gnumus:fragile_gnumus_jug":3,"minecraft:bamboo":19,"minecraft:stone":210,"minecraft:jungle_fence_gate":1,"minecraft:potted_allium":1,"minecraft:smithing_table":1,"minecraft:birch_stairs":6,"minecraft:scaffolding":13,"minecraft:soul_sand":8,"minecraft:dandelion":1,"minecraft:crafting_table":6,"graveyard:tg_rooted_dirt":3,"minecraft:lectern":71,"minecraft:copper_ore":1,"minecraft:tall_grass":6,"born_in_chaos_v1:chipped_black_argillite_brick":1,"minecraft:lapis_ore":9,"farmersdelight:wild_tomatoes":1,"minecraft:deepslate_gold_ore":23,"minecraft:diorite":22,"minecraft:spruce_stairs":1,"minecraft:redstone_torch":1,"minecraft:sweet_berry_bush":1,"minecraft:gray_bed":5,"minecraft:birch_leaves":2,"minecraft:coal_ore":67,"minecraft:gravel":22,"minecraft:dripstone_block":1,"minecraft:cobweb":29,"minecraft:terracotta":71,"minecraft:acacia_planks":2,"minecraft:oak_button":2,"minecraft:polished_andesite":1,"minecraft:stone_bricks":1,"minecraft:mossy_stone_bricks":1,"minecraft:gold_ore":9,"minecraft:birch_fence":3},"minecraft:broken":{"minecraft:iron_boots":2,"minecraft:iron_chestplate":4,"minecraft:iron_leggings":3,"minecraft:chainmail_boots":1,"minecraft:stone_pickaxe":2,"minecraft:stone_axe":3,"minecraft:stone_sword":2,"minecraft:chainmail_helmet":1,"minecraft:shield":1,"minecraft:iron_helmet":3},"minecraft:crafted":{"minecraft:ender_chest":1,"minecraft:oak_planks":48,"minecraft:jungle_fence_gate":1,"minecraft:blaze_powder":2,"minecraft:cobblestone_stairs":4,"sophisticatedbackpacks:crafting_upgrade":1,"sophisticatedbackpacks:smelting_upgrade":1,"minecraft:bow":1,"minecraft:iron_boots":4,"sophisticatedbackpacks:tank_upgrade":1,"minecraft:melon_seeds":2,"minecraft:chest":1,"minecraft:stone_hoe":1,"minecraft:ender_eye":2,"minecraft:emerald":17,"sophisticatedbackpacks:backpack":1,"minecraft:crafting_table":2,"minecraft:jungle_boat":2,"minecraft:iron_helmet":3,"minecraft:wooden_pickaxe":1,"minecraft:baked_potato":80,"minecraft:copper_ingot":7,"minecraft:sticky_piston":1,"minecraft:campfire":2,"sophisticatedbackpacks:upgrade_base":4,"minecraft:dispenser":1,"minecraft:iron_chestplate":3,"sophisticatedbackpacks:xp_pump_upgrade":1,"minecraft:diamond_pickaxe":2,"minecraft:shield":2,"minecraft:stick":60,"minecraft:iron_ingot":75,"minecraft:iron_pickaxe":2,"minecraft:stone_sword":1,"minecraft:gold_ingot":69,"minecraft:redstone_torch":1,"minecraft:acacia_fence_gate":1,"minecraft:furnace":1,"minecraft:piston":2,"sophisticatedbackpacks:advanced_pump_upgrade":1,"minecraft:scaffolding":12,"minecraft:leather":2,"minecraft:stone_pickaxe":3,"sophisticatedbackpacks:iron_backpack":2,"minecraft:diamond_sword":1,"minecraft:enchanting_table":1,"sophisticatedbackpacks:gold_backpack":2,"minecraft:bucket":2,"minecraft:stone_axe":12,"minecraft:air":0,"minecraft:jungle_planks":48,"minecraft:oak_boat":1,"sophisticatedbackpacks:pump_upgrade":1,"minecraft:iron_leggings":3,"minecraft:acacia_planks":36,"minecraft:torch":276},"minecraft:killed":{"undead_revamp2:thewolf":2,"born_in_chaos_v1:restless_spirit":1,"born_in_chaos_v1:zombie_lumberjack":2,"minecraft:spider":9,"undead_revamp2:thesmoker":4,"born_in_chaos_v1:siamese_skeletonsright":1,"undead_revamp2:theswarmer":2,"minecraft:skeleton":32,"gnumus:pitcher_mousse":1,"minecraft:silverfish":5,"undead_revamp2:therod":1,"undead_revamp2:thespitter":2,"born_in_chaos_v1:firelight_not_despawn":2,"enemyexpansion:vampflyer":1,"arphex:spider_larvae_tiny":2,"minecraft:pig":2,"born_in_chaos_v1:diamond_termite":2,"minecraft:salmon":5,"arphex:maggot":1,"undead_revamp2:thebeartamer":3,"minecraft:creeper":5,"arphex:centipede_evictor_larvae":1,"undead_revamp2:thebidyupside":2,"minecraft:pillager":13,"minecraft:zombie":31,"born_in_chaos_v1:dread_hound":6,"enemyexpansion:vampire":1,"born_in_chaos_v1:corpse_fly":42,"enemyexpansion:botfly":5,"undead_revamp2:theskeeper":1,"alexsmobs:roadrunner":2,"cave_dweller:cave_dweller":1,"born_in_chaos_v1:door_knight":1,"arphex:spider_larvae":1,"minecraft:blaze":2,"born_in_chaos_v1:siamese_skeletonsleft":1,"arphex:hornet_harbinger_giant":1,"undead_revamp2:theimmortal":5,"undead_revamp2:thegliter":1,"enemyexpansion:intruder":1,"undead_revamp2:bomber":1,"minecraft:slime":3,"enemyexpansion:direwolf":13,"alexsmobs:rattlesnake":3,"born_in_chaos_v1:zombie_bruiser":5,"born_in_chaos_v1:maggot":23,"enemyexpansion:faller":1,"arphex:hornet_harbinger":2,"gnumus:gnumus_hunter":4,"they_watch_from_the_mist:them_aggro":1,"undead_revamp2:thebidy":2,"minecraft:drowned":2,"born_in_chaos_v1:corpse_fish":3,"undead_revamp2:sucker":4,"born_in_chaos_v1:barrel_zombie":1,"enemyexpansion:scorpion":4,"born_in_chaos_v1:spirit_guide":1,"minecraft:husk":2,"alexsmobs:guster":8,"graveyard:ghoul":2,"born_in_chaos_v1:bone_imp_minion":7,"born_in_chaos_v1:baby_skeleton":2,"born_in_chaos_v1:swarmer":2,"born_in_chaos_v1:spirit_guide_assistant":4,"undead_revamp2:the_moonflower":9,"enemyexpansion:sprinter":1,"born_in_chaos_v1:decrepit_skeleton":5,"alexsmobs:emu":1,"gnumus:gnumus_merchant":1,"born_in_chaos_v1:bloody_gadfly":2,"undead_revamp2:thesomnolence":9,"sons_of_sins:betrayed_guzzler":1,"minecraft:wither_skeleton":9,"enemyexpansion:slugger":3},"minecraft:custom":{"minecraft:animals_bred":23,"minecraft:interact_with_crafting_table":54,"minecraft:open_barrel":60,"minecraft:bell_ring":76,"minecraft:leave_game":10,"minecraft:time_since_death":4108,"minecraft:damage_resisted":29,"minecraft:sprint_one_cm":995197,"minecraft:damage_blocked_by_shield":7930,"minecraft:drop":253,"minecraft:talked_to_villager":153,"minecraft:play_time":804900,"minecraft:deaths":91,"minecraft:jump":11362,"minecraft:enchant_item":12,"minecraft:walk_on_water_one_cm":119815,"minecraft:interact_with_furnace":48,"minecraft:traded_with_villager":17,"minecraft:interact_with_cartography_table":2,"minecraft:sleep_in_bed":32,"minecraft:waystone_activated":6,"minecraft:open_enderchest":19,"minecraft:damage_dealt":70568,"minecraft:player_kills":1,"minecraft:crouch_one_cm":79692,"minecraft:inspect_dispenser":3,"minecraft:interact_with_smithing_table":3,"minecraft:interact_with_anvil":1,"minecraft:mob_kills":395,"minecraft:interact_with_campfire":13,"minecraft:damage_dealt_resisted":2890,"minecraft:climb_one_cm":96930,"minecraft:walk_one_cm":2479123,"minecraft:damage_dealt_absorbed":80,"minecraft:sneak_time":38153,"minecraft:walk_under_water_one_cm":70949,"minecraft:boat_one_cm":494278,"minecraft:interact_with_blast_furnace":10,"minecraft:total_world_time":804900,"minecraft:tune_noteblock":1,"minecraft:pot_flower":1,"minecraft:interact_with_stonecutter":3,"minecraft:time_since_rest":4142,"minecraft:damage_taken":31905,"minecraft:swim_one_cm":47723,"minecraft:fly_one_cm":1794349,"minecraft:open_chest":180,"minecraft:fall_one_cm":186063},"minecraft:dropped":{"sophisticatedbackpacks:iron_backpack":3,"gnumus:overripe_carrot":7,"minecraft:sandstone_slab":2,"minecraft:dirt":4,"minecraft:birch_fence":1,"minecraft:stone_button":2,"gravestone:obituary":140,"minecraft:birch_stairs":1,"minecraft:gravel":1,"minecraft:wheat":5,"undead_revamp2:arapholia":2,"minecraft:rotten_flesh":5,"artifacts:villager_hat":1,"alexsmobs:emu_egg":10,"gnumus:gnumus_doubloons":1,"minecraft:skeleton_skull":1,"minecraft:beetroot_seeds":44,"born_in_chaos_v1:corpse_maggot":27,"minecraft:netherrack":2,"minecraft:purple_carpet":2,"farmersdelight:tomato_seeds":1,"minecraft:iron_ingot":2,"minecraft:wheat_seeds":97,"minecraft:dripstone_block":6,"minecraft:iron_helmet":2,"minecraft:cobblestone":7,"minecraft:granite":3,"minecraft:spruce_stairs":2,"minecraft:stick":1,"minecraft:oxeye_daisy":1,"minecraft:lava_bucket":2,"minecraft:diorite":17,"minecraft:zombie_head":1,"minecraft:cactus":2,"minecraft:string":1,"minecraft:dandelion":1,"minecraft:bricks":1,"minecraft:moss_carpet":1,"minecraft:jungle_fence_gate":2,"minecraft:oak_trapdoor":1,"minecraft:composter":2,"sophisticatedbackpacks:backpack":1,"minecraft:magenta_concrete":4,"minecraft:oak_button":1,"minecraft:allium":2,"minecraft:orange_terracotta":6,"minecraft:diamond_pickaxe":1,"minecraft:andesite":5,"minecraft:oak_sapling":9,"minecraft:brown_bed":1,"minecraft:sandstone":12,"minecraft:red_sand":2,"minecraft:red_tulip":2,"minecraft:magma_block":1,"minecraft:terracotta":4},"minecraft:used":{"minecraft:beetroot":28,"minecraft:moss_block":3,"minecraft:shield":199,"minecraft:chest":1,"minecraft:white_terracotta":20,"minecraft:nether_wart":8,"minecraft:iron_sword":68,"minecraft:rotten_flesh":14,"graveyard:acacia_coffin":2,"minecraft:iron_chestplate":1,"graveyard:small_cyan_urn":1,"artifacts:umbrella":83,"minecraft:soul_sand":11,"minecraft:jungle_planks":19,"minecraft:carrot":217,"minecraft:tuff":14,"minecraft:obsidian":4,"minecraft:milk_bucket":1,"minecraft:honey_bottle":2,"minecraft:cyan_terracotta":1,"minecraft:lava_bucket":141,"minecraft:bricks":2,"minecraft:villager_spawn_egg":26,"minecraft:jungle_fence_gate":1,"minecraft:lantern":1,"minecraft:iron_helmet":2,"minecraft:stone_bricks":1,"minecraft:bow":81,"minecraft:scaffolding":34,"minecraft:sweet_berries":73,"minecraft:beetroot_seeds":4,"guardvillagers:guard_spawn_egg":40,"minecraft:furnace":2,"minecraft:potato":32,"minecraft:skeleton_skull":2,"minecraft:gray_bed":5,"minecraft:mossy_stone_bricks":1,"minecraft:diorite":8,"minecraft:stone_pickaxe":404,"minecraft:oak_planks":1,"minecraft:sugar_cane":23,"minecraft:sandstone":45,"minecraft:wooden_pickaxe":57,"minecraft:composter":1,"minecraft:jungle_boat":6,"minecraft:sand":13,"minecraft:blast_furnace":1,"minecraft:dripstone_block":1,"minecraft:birch_fence":2,"minecraft:redstone_torch":3,"waystones:waystone":2,"minecraft:lever":1,"minecraft:chiseled_sandstone":1,"minecraft:melon_slice":67,"minecraft:iron_door":1,"minecraft:string":1,"minecraft:bread":87,"minecraft:cyan_bed":1,"minecraft:lectern":71,"minecraft:gravel":29,"minecraft:soul_lantern":1,"minecraft:diamond_sword":583,"minecraft:cooked_rabbit":3,"minecraft:smithing_table":1,"minecraft:andesite":1,"minecraft:cobweb":2,"minecraft:coarse_dirt":1,"minecraft:oak_boat":1,"minecraft:golden_pickaxe":18,"waystones:sandy_waystone":2,"minecraft:enchanting_table":1,"minecraft:stone_sword":207,"minecraft:flint_and_steel":2,"minecraft:spruce_planks":1,"minecraft:ender_chest":1,"minecraft:cooked_salmon":5,"minecraft:stone_hoe":4,"farmersdelight:rich_soil":6,"minecraft:cooked_chicken":3,"minecraft:netherrack":2,"minecraft:torch":429,"minecraft:brewing_stand":1,"minecraft:dirt":120,"minecraft:spruce_stairs":3,"minecraft:granite":29,"minecraft:bookshelf":18,"minecraft:rooted_dirt":1,"minecraft:melon_seeds":2,"minecraft:bamboo":39,"minecraft:soul_soil":1,"alexsmobs:banana":1,"minecraft:cooked_beef":1,"minecraft:cobbled_deepslate":121,"minecraft:acacia_planks":36,"minecraft:orange_terracotta":2,"minecraft:brown_bed":4,"minecraft:iron_leggings":1,"minecraft:wheat_seeds":88,"minecraft:water_bucket":14,"minecraft:cobblestone_stairs":4,"minecraft:polished_andesite":4,"minecraft:red_nether_bricks":2,"gnumus:overripe_carrot":10,"minecraft:stonecutter":1,"minecraft:gold_ore":3,"minecraft:terracotta":40,"minecraft:crafting_table":6,"minecraft:campfire":2,"minecraft:flower_pot":1,"minecraft:diamond_pickaxe":18,"minecraft:iron_pickaxe":339,"minecraft:oak_button":2,"minecraft:magenta_concrete":2,"minecraft:jungle_stairs":2,"minecraft:acacia_fence_gate":1,"minecraft:stone_axe":624,"minecraft:cobblestone":207,"minecraft:cooked_porkchop":2,"minecraft:jungle_door":1,"minecraft:bucket":41,"minecraft:sea_pickle":1,"alexsmobs:animal_dictionary":1,"minecraft:birch_stairs":5,"alexsmobs:emu_egg":1,"minecraft:candle":3,"minecraft:smooth_stone":1},"minecraft:killed_by":{"undead_revamp2:sucker":2,"born_in_chaos_v1:nightmare_stalker":4,"minecraft:creeper":1,"minecraft:pillager":14,"born_in_chaos_v1:bone_imp_minion":3,"born_in_chaos_v1:corpse_fly":2,"minecraft:drowned":1,"sons_of_sins:betrayed_guzzler":1,"they_watch_from_the_mist:them_aggro":3,"gnumus:gnumus_hunter":1,"enemyexpansion:sprinter":2,"enemyexpansion:scorpion":7,"born_in_chaos_v1:diamond_termite":1,"minecraft:blaze":1,"minecraft:zombie":7,"born_in_chaos_v1:spirit_guide_assistant":1,"enemyexpansion:silverqueen":1,"born_in_chaos_v1:dire_hound_leader":1,"enemyexpansion:invisicreeper":2,"undead_revamp2:thegliter":2,"minecraft:player":3,"enemyexpansion:trollenraged":1,"minecraft:spider":1,"arphex:hornet_harbinger":1,"born_in_chaos_v1:siamese_skeletonsleft":1,"minecraft:skeleton":18,"enemyexpansion:botfly":1,"cave_dweller:cave_dweller":2},"minecraft:picked_up":{"minecraft:iron_chestplate":1,"minecraft:wheat":86,"minecraft:nether_brick_fence":2,"minecraft:flower_pot":1,"gnumus:gnumus_claw":10,"minecraft:smithing_table":1,"minecraft:diamond_sword":1,"minecraft:oak_stairs":2,"minecraft:brown_bed":4,"minecraft:enchanted_book":1,"minecraft:brewing_stand":1,"minecraft:string":75,"minecraft:soul_soil":1,"minecraft:raw_copper":7,"minecraft:cooked_salmon":5,"arphex:necrotic_fang":1,"minecraft:red_nether_bricks":2,"minecraft:experience_bottle":1,"minecraft:zombie_head":1,"minecraft:beetroot":46,"minecraft:smooth_stone":9,"minecraft:sea_pickle":1,"minecraft:red_sand":2,"alexsmobs:banana":1,"minecraft:gold_nugget":1,"minecraft:cobbled_deepslate":137,"minecraft:bucket":1,"minecraft:spruce_planks":4,"minecraft:redstone_torch":2,"minecraft:iron_pickaxe":3,"minecraft:melon_slice":69,"wstweaks:fragment":9,"minecraft:furnace":2,"minecraft:blue_wool":4,"minecraft:stick":27,"born_in_chaos_v1:shattered_skull":2,"minecraft:jungle_door":1,"minecraft:jukebox":1,"minecraft:composter":4,"minecraft:torch":116,"minecraft:spruce_stairs":7,"arphex:maggot_grub":1,"minecraft:porkchop":5,"minecraft:villager_spawn_egg":1,"minecraft:diorite":25,"gnumus:wrapper_with_goods":1,"gnumus:vintage_metal":1,"minecraft:cactus":2,"minecraft:rotten_flesh":142,"artifacts:villager_hat":1,"minecraft:red_tulip":2,"minecraft:iron_block":2,"minecraft:cyan_terracotta":1,"farmersdelight:rope":7,"alexsmobs:emu_egg":11,"minecraft:bookshelf":18,"minecraft:white_terracotta":21,"minecraft:blaze_rod":1,"minecraft:obsidian":13,"undead_revamp2:arapholia":2,"minecraft:cobblestone":272,"minecraft:magma_block":1,"gnumus:gnumus_doubloons":12,"minecraft:feather":1,"minecraft:cooked_beef":1,"minecraft:iron_door":1,"minecraft:andesite":6,"minecraft:jungle_log":10,"gnumus:overripe_carrot":17,"minecraft:golden_leggings":1,"minecraft:potato":237,"minecraft:jungle_wood":7,"minecraft:flint":2,"minecraft:tuff":14,"minecraft:lapis_lazuli":98,"minecraft:dirt":127,"minecraft:lantern":1,"gnumus:gnumus_pouch_2":4,"born_in_chaos_v1:monster_skin":4,"minecraft:purple_carpet":2,"minecraft:bone":82,"minecraft:acacia_planks":2,"minecraft:stonecutter":1,"minecraft:bow":1,"minecraft:wheat_seeds":227,"minecraft:raw_gold":33,"minecraft:mossy_stone_bricks":1,"minecraft:rabbit":9,"minecraft:bamboo":52,"minecraft:moss_block":2,"minecraft:oak_planks":1,"minecraft:cooked_porkchop":5,"minecraft:sand":32,"minecraft:jungle_planks":5,"minecraft:fermented_spider_eye":1,"sophisticatedbackpacks:iron_backpack":4,"minecraft:cyan_bed":1,"minecraft:chiseled_sandstone":3,"sons_of_sins:flesh_of_demise":2,"undead_revamp2:acidsack":1,"minecraft:polished_andesite":4,"born_in_chaos_v1:fire_dust":2,"minecraft:diamond":6,"gnumus:gnumus_clay":10,"minecraft:lever":1,"minecraft:soul_lantern":1,"waystones:waystone":2,"minecraft:crossbow":3,"minecraft:granite":32,"minecraft:bone_meal":2,"minecraft:bread":5,"minecraft:golden_horse_armor":1,"minecraft:emerald":5,"minecraft:rooted_dirt":1,"minecraft:oak_sapling":11,"minecraft:netherrack":4,"minecraft:bricks":3,"minecraft:diamond_pickaxe":1,"undead_revamp2:bostroxingot":1,"sophisticatedbackpacks:gold_backpack":1,"minecraft:coarse_dirt":1,"minecraft:crafting_table":6,"born_in_chaos_v1:diamond_termite_shard":2,"graveyard:acacia_coffin":2,"minecraft:allium":3,"minecraft:sandstone_slab":2,"minecraft:chicken":3,"minecraft:nether_wart":9,"minecraft:clay_ball":4,"minecraft:gold_block":3,"gravestone:obituary":50,"minecraft:shield":1,"minecraft:oak_trapdoor":1,"minecraft:moss_carpet":1,"minecraft:iron_axe":1,"minecraft:flint_and_steel":1,"minecraft:birch_fence":3,"minecraft:lectern":71,"minecraft:sugar_cane":23,"minecraft:chest":2,"minecraft:raw_iron":92,"minecraft:sandstone":69,"minecraft:copper_ingot":1,"farmersdelight:tomato_seeds":5,"minecraft:stone_button":2,"minecraft:jungle_fence_gate":2,"minecraft:carrot":349,"born_in_chaos_v1:pieceofdarkmetal":6,"graveyard:small_cyan_urn":1,"minecraft:redstone":110,"minecraft:arrow":139,"minecraft:beetroot_seeds":110,"minecraft:jungle_stairs":2,"minecraft:totem_of_undying":1,"sophisticatedbackpacks:copper_backpack":1,"gnumus:mouse_skin":12,"minecraft:skeleton_skull":3,"minecraft:white_wool":1,"minecraft:oxeye_daisy":1,"born_in_chaos_v1:fused_bone":2,"born_in_chaos_v1:corpse_maggot":57,"farmersdelight:rich_soil":6,"minecraft:jungle_boat":5,"born_in_chaos_v1:monster_flesh":5,"minecraft:glow_ink_sac":2,"minecraft:salmon":5,"minecraft:leather":2,"minecraft:acacia_wood":9,"gnumus:gnumus_pouch":2,"waystones:sandy_waystone":2,"minecraft:oak_log":22,"minecraft:yellow_glazed_terracotta":1,"minecraft:gunpowder":30,"minecraft:paper":2,"minecraft:orange_terracotta":8,"minecraft:stone_bricks":1,"minecraft:iron_ingot":5,"minecraft:cooked_chicken":4,"minecraft:gray_bed":5,"minecraft:iron_sword":5,"minecraft:soul_sand":11,"minecraft:book":6,"minecraft:scaffolding":22,"minecraft:polished_andesite_stairs":2,"minecraft:pumpkin":8,"minecraft:sweet_berries":70,"born_in_chaos_v1:ethereal_spirit":2,"minecraft:dandelion":1,"minecraft:dripstone_block":7,"minecraft:gravel":49,"minecraft:birch_stairs":6,"gnumus:gnumus_cheese":2,"minecraft:blast_furnace":1,"artifacts:scarf_of_invisibility":1,"minecraft:spider_eye":1,"minecraft:slime_ball":13,"minecraft:stone_axe":2,"minecraft:chainmail_leggings":1,"minecraft:iron_helmet":3,"minecraft:stripped_jungle_wood":1,"minecraft:mossy_cobblestone_stairs":2,"minecraft:oak_button":7,"minecraft:terracotta":53,"minecraft:magenta_concrete":6,"minecraft:coal":73,"minecraft:hopper":2,"minecraft:ender_pearl":1}},"DataVersion":3465}