{"stats":{"minecraft:killed":{"undead_revamp2:thewolf":1,"born_in_chaos_v1:zombie_lumberjack":1,"minecraft:spider":7,"undead_revamp2:thesmoker":2,"born_in_chaos_v1:siamese_skeletonsright":1,"minecraft:skeleton":25,"gnumus:pitcher_mousse":1,"minecraft:silverfish":5,"born_in_chaos_v1:firelight_not_despawn":2,"undead_revamp2:thespitter":1,"arphex:spider_larvae_tiny":2,"minecraft:pig":2,"born_in_chaos_v1:diamond_termite":2,"minecraft:salmon":5,"arphex:maggot":1,"undead_revamp2:thebeartamer":2,"minecraft:creeper":1,"arphex:centipede_evictor_larvae":1,"undead_revamp2:thebidyupside":2,"minecraft:zombie":27,"born_in_chaos_v1:dread_hound":3,"born_in_chaos_v1:corpse_fly":20,"enemyexpansion:botfly":1,"arphex:spider_larvae":1,"born_in_chaos_v1:siamese_skeletonsleft":1,"minecraft:blaze":2,"undead_revamp2:thegliter":1,"minecraft:slime":3,"enemyexpansion:direwolf":6,"alexsmobs:rattlesnake":2,"born_in_chaos_v1:zombie_bruiser":3,"born_in_chaos_v1:maggot":9,"enemyexpansion:faller":1,"gnumus:gnumus_hunter":1,"they_watch_from_the_mist:them_aggro":1,"undead_revamp2:thebidy":1,"born_in_chaos_v1:corpse_fish":3,"minecraft:drowned":2,"undead_revamp2:sucker":1,"born_in_chaos_v1:spirit_guide":1,"graveyard:ghoul":2,"born_in_chaos_v1:bone_imp_minion":7,"born_in_chaos_v1:baby_skeleton":1,"born_in_chaos_v1:spirit_guide_assistant":2,"undead_revamp2:the_moonflower":3,"enemyexpansion:sprinter":1,"born_in_chaos_v1:decrepit_skeleton":2,"alexsmobs:emu":1,"sons_of_sins:betrayed_guzzler":1,"minecraft:wither_skeleton":9,"enemyexpansion:slugger":3},"minecraft:used":{"minecraft:moss_block":1,"minecraft:shield":199,"minecraft:iron_sword":5,"minecraft:nether_wart":4,"minecraft:rotten_flesh":12,"graveyard:acacia_coffin":2,"minecraft:soul_sand":4,"artifacts:umbrella":2,"minecraft:jungle_planks":15,"minecraft:carrot":31,"minecraft:tuff":11,"minecraft:obsidian":4,"minecraft:honey_bottle":2,"minecraft:cyan_terracotta":1,"minecraft:lava_bucket":18,"minecraft:bricks":2,"minecraft:iron_helmet":1,"minecraft:stone_bricks":1,"minecraft:sweet_berries":10,"guardvillagers:guard_spawn_egg":10,"minecraft:furnace":2,"minecraft:gray_bed":3,"minecraft:potato":16,"minecraft:diorite":8,"minecraft:stone_pickaxe":309,"minecraft:oak_planks":1,"minecraft:wooden_pickaxe":57,"minecraft:sugar_cane":19,"minecraft:jungle_boat":1,"minecraft:sand":1,"minecraft:dripstone_block":1,"minecraft:birch_fence":1,"minecraft:bread":2,"minecraft:melon_slice":54,"minecraft:string":1,"minecraft:gravel":11,"minecraft:cooked_rabbit":3,"minecraft:oak_boat":1,"minecraft:coarse_dirt":1,"minecraft:golden_pickaxe":18,"minecraft:cobweb":2,"minecraft:enchanting_table":1,"minecraft:stone_sword":207,"minecraft:flint_and_steel":2,"minecraft:cooked_salmon":5,"minecraft:stone_hoe":4,"minecraft:cooked_chicken":3,"minecraft:netherrack":2,"minecraft:torch":222,"minecraft:dirt":111,"minecraft:spruce_stairs":3,"minecraft:granite":29,"minecraft:bookshelf":18,"minecraft:rooted_dirt":1,"minecraft:melon_seeds":2,"alexsmobs:banana":1,"minecraft:cooked_beef":1,"minecraft:cobbled_deepslate":46,"minecraft:acacia_planks":36,"minecraft:orange_terracotta":1,"minecraft:iron_leggings":1,"minecraft:brown_bed":2,"minecraft:water_bucket":8,"minecraft:cobblestone_stairs":4,"minecraft:red_nether_bricks":2,"minecraft:gold_ore":3,"minecraft:terracotta":8,"minecraft:crafting_table":6,"minecraft:campfire":2,"minecraft:diamond_pickaxe":6,"minecraft:iron_pickaxe":145,"minecraft:acacia_fence_gate":1,"minecraft:stone_axe":561,"minecraft:cobblestone":187,"minecraft:cooked_porkchop":2,"minecraft:bucket":26,"alexsmobs:animal_dictionary":1,"minecraft:candle":3,"minecraft:smooth_stone":1},"minecraft:dropped":{"sophisticatedbackpacks:iron_backpack":2,"minecraft:dirt":2,"minecraft:birch_fence":1,"gravestone:obituary":86,"minecraft:gravel":1,"minecraft:wheat":4,"minecraft:rotten_flesh":1,"artifacts:villager_hat":1,"alexsmobs:emu_egg":6,"gnumus:gnumus_doubloons":1,"minecraft:skeleton_skull":1,"born_in_chaos_v1:corpse_maggot":7,"minecraft:netherrack":2,"minecraft:iron_ingot":2,"minecraft:wheat_seeds":8,"minecraft:cobblestone":5,"minecraft:granite":3,"minecraft:diorite":17,"minecraft:zombie_head":1,"minecraft:cactus":2,"minecraft:string":1,"minecraft:moss_carpet":1,"sophisticatedbackpacks:backpack":1,"minecraft:oak_button":1,"minecraft:orange_terracotta":3,"minecraft:diamond_pickaxe":1,"minecraft:andesite":5,"minecraft:oak_sapling":9,"minecraft:brown_bed":1,"minecraft:red_sand":2,"minecraft:magma_block":1,"minecraft:terracotta":1},"minecraft:crafted":{"minecraft:oak_planks":48,"minecraft:blaze_powder":2,"minecraft:cobblestone_stairs":4,"sophisticatedbackpacks:crafting_upgrade":1,"sophisticatedbackpacks:smelting_upgrade":1,"minecraft:bow":1,"minecraft:iron_boots":2,"sophisticatedbackpacks:tank_upgrade":1,"minecraft:melon_seeds":2,"minecraft:chest":1,"minecraft:stone_hoe":1,"minecraft:ender_eye":1,"sophisticatedbackpacks:backpack":1,"minecraft:crafting_table":2,"minecraft:jungle_boat":1,"minecraft:iron_helmet":3,"minecraft:wooden_pickaxe":1,"minecraft:sticky_piston":1,"minecraft:campfire":2,"sophisticatedbackpacks:upgrade_base":4,"minecraft:dispenser":1,"sophisticatedbackpacks:xp_pump_upgrade":1,"minecraft:iron_chestplate":3,"minecraft:diamond_pickaxe":1,"minecraft:shield":2,"minecraft:stick":44,"minecraft:iron_ingot":57,"minecraft:iron_pickaxe":1,"minecraft:stone_sword":1,"minecraft:gold_ingot":27,"minecraft:furnace":1,"minecraft:acacia_fence_gate":1,"minecraft:piston":2,"sophisticatedbackpacks:advanced_pump_upgrade":1,"minecraft:leather":2,"minecraft:stone_pickaxe":3,"sophisticatedbackpacks:iron_backpack":1,"minecraft:enchanting_table":1,"minecraft:bucket":1,"minecraft:stone_axe":10,"minecraft:air":0,"minecraft:jungle_planks":44,"minecraft:oak_boat":1,"sophisticatedbackpacks:pump_upgrade":1,"minecraft:iron_leggings":2,"minecraft:acacia_planks":36,"minecraft:torch":108},"minecraft:broken":{"minecraft:iron_boots":2,"minecraft:iron_chestplate":2,"minecraft:iron_leggings":2,"minecraft:stone_pickaxe":1,"minecraft:stone_axe":3,"minecraft:stone_sword":2,"minecraft:shield":1,"minecraft:iron_helmet":2},"minecraft:mined":{"graveyard:tg_coarse_dirt":2,"minecraft:jungle_leaves":1,"minecraft:red_nether_bricks":3,"minecraft:brewing_stand":1,"minecraft:obsidian":5,"minecraft:granite":30,"minecraft:red_sand":3,"minecraft:grass_block":8,"minecraft:jungle_log":8,"minecraft:nether_wart":4,"minecraft:smooth_stone":3,"minecraft:tall_seagrass":1,"minecraft:magma_block":1,"minecraft:iron_ore":75,"minecraft:cobbled_deepslate":3,"minecraft:fire":5,"minecraft:pumpkin":8,"minecraft:moss_carpet":1,"minecraft:brown_bed":3,"minecraft:dirt_path":1,"minecraft:deepslate_redstone_ore":9,"minecraft:orange_terracotta":7,"minecraft:soul_lantern":1,"born_in_chaos_v1:infected_deepslate_diamond_ore":1,"minecraft:torch":32,"minecraft:melon":11,"minecraft:chest":1,"minecraft:dead_bush":10,"minecraft:cobblestone":12,"minecraft:sugar_cane":9,"minecraft:oak_planks":1,"minecraft:wall_torch":12,"minecraft:skeleton_skull":1,"minecraft:jungle_wood":7,"minecraft:jukebox":1,"minecraft:smooth_stone_slab":1,"minecraft:grass":17,"minecraft:oak_log":8,"minecraft:sand":16,"minecraft:dirt":42,"minecraft:netherrack":3,"minecraft:oak_leaves":8,"minecraft:deepslate":12,"minecraft:deepslate_diamond_ore":3,"graveyard:acacia_coffin":2,"gravestone:gravestone":52,"minecraft:stripped_jungle_wood":1,"minecraft:spruce_leaves":1,"minecraft:furnace":2,"minecraft:carrots":17,"minecraft:gold_block":3,"minecraft:nether_brick_fence":2,"minecraft:bookshelf":20,"minecraft:potatoes":15,"minecraft:deepslate_iron_ore":16,"minecraft:vine":3,"placeablesmod:cooked_chicken_block":1,"gnumus:fragile_gnumus_jug":3,"minecraft:bamboo":5,"minecraft:stone":202,"minecraft:soul_sand":4,"minecraft:crafting_table":6,"graveyard:tg_rooted_dirt":3,"minecraft:tall_grass":5,"minecraft:copper_ore":1,"born_in_chaos_v1:chipped_black_argillite_brick":1,"minecraft:lapis_ore":1,"minecraft:deepslate_gold_ore":23,"minecraft:diorite":22,"minecraft:spruce_stairs":1,"minecraft:gray_bed":3,"minecraft:birch_leaves":2,"minecraft:coal_ore":56,"minecraft:gravel":4,"minecraft:dripstone_block":1,"minecraft:cobweb":29,"minecraft:terracotta":5,"minecraft:acacia_planks":2,"minecraft:stone_bricks":1,"minecraft:gold_ore":9,"minecraft:birch_fence":2},"minecraft:killed_by":{"undead_revamp2:sucker":1,"born_in_chaos_v1:nightmare_stalker":1,"minecraft:creeper":1,"born_in_chaos_v1:bone_imp_minion":3,"born_in_chaos_v1:corpse_fly":1,"minecraft:drowned":1,"they_watch_from_the_mist:them_aggro":3,"enemyexpansion:sprinter":2,"born_in_chaos_v1:diamond_termite":1,"minecraft:blaze":1,"minecraft:zombie":7,"born_in_chaos_v1:spirit_guide_assistant":1,"enemyexpansion:silverqueen":1,"born_in_chaos_v1:dire_hound_leader":1,"enemyexpansion:invisicreeper":2,"undead_revamp2:thegliter":2,"minecraft:player":3,"minecraft:spider":1,"arphex:hornet_harbinger":1,"born_in_chaos_v1:siamese_skeletonsleft":1,"minecraft:skeleton":11,"enemyexpansion:botfly":1,"cave_dweller:cave_dweller":1},"minecraft:custom":{"minecraft:animals_bred":2,"minecraft:interact_with_crafting_table":48,"minecraft:open_barrel":33,"minecraft:leave_game":7,"minecraft:time_since_death":14523,"minecraft:damage_resisted":5,"minecraft:sprint_one_cm":364317,"minecraft:damage_blocked_by_shield":5830,"minecraft:drop":133,"minecraft:play_time":427505,"minecraft:deaths":53,"minecraft:jump":6215,"minecraft:walk_on_water_one_cm":97403,"minecraft:interact_with_furnace":18,"minecraft:interact_with_cartography_table":2,"minecraft:sleep_in_bed":6,"minecraft:waystone_activated":1,"minecraft:damage_dealt":39703,"minecraft:player_kills":1,"minecraft:crouch_one_cm":47208,"minecraft:mob_kills":208,"minecraft:interact_with_campfire":13,"minecraft:damage_dealt_resisted":2233,"minecraft:climb_one_cm":31680,"minecraft:walk_one_cm":1224093,"minecraft:damage_dealt_absorbed":80,"minecraft:sneak_time":24395,"minecraft:walk_under_water_one_cm":65560,"minecraft:boat_one_cm":321883,"minecraft:total_world_time":427505,"minecraft:interact_with_stonecutter":1,"minecraft:time_since_rest":1928,"minecraft:damage_taken":16083,"minecraft:swim_one_cm":46058,"minecraft:fly_one_cm":785093,"minecraft:open_chest":84,"minecraft:fall_one_cm":136204},"minecraft:picked_up":{"minecraft:wheat":13,"minecraft:nether_brick_fence":2,"gnumus:gnumus_claw":3,"minecraft:brown_bed":4,"minecraft:enchanted_book":1,"minecraft:brewing_stand":1,"minecraft:string":58,"minecraft:raw_copper":7,"minecraft:cooked_salmon":5,"minecraft:red_nether_bricks":2,"minecraft:zombie_head":1,"alexsmobs:banana":1,"minecraft:cobbled_deepslate":46,"minecraft:red_sand":2,"minecraft:gold_nugget":1,"minecraft:smooth_stone":7,"minecraft:bucket":1,"minecraft:spruce_planks":3,"minecraft:iron_pickaxe":2,"minecraft:melon_slice":56,"wstweaks:fragment":9,"minecraft:furnace":2,"minecraft:stick":18,"minecraft:jukebox":1,"born_in_chaos_v1:shattered_skull":2,"minecraft:torch":57,"minecraft:spruce_stairs":3,"arphex:maggot_grub":1,"minecraft:porkchop":5,"minecraft:diorite":25,"minecraft:cactus":2,"minecraft:rotten_flesh":78,"artifacts:villager_hat":1,"minecraft:cyan_terracotta":1,"alexsmobs:emu_egg":10,"farmersdelight:rope":7,"minecraft:bookshelf":18,"minecraft:blaze_rod":1,"minecraft:obsidian":5,"minecraft:cobblestone":258,"minecraft:magma_block":1,"gnumus:gnumus_doubloons":4,"minecraft:cooked_beef":1,"minecraft:andesite":5,"minecraft:jungle_log":9,"minecraft:jungle_wood":7,"minecraft:potato":58,"minecraft:tuff":11,"minecraft:lapis_lazuli":5,"minecraft:dirt":116,"gnumus:gnumus_pouch_2":2,"born_in_chaos_v1:monster_skin":3,"minecraft:bone":59,"minecraft:acacia_planks":2,"minecraft:wheat_seeds":8,"minecraft:raw_gold":32,"minecraft:rabbit":3,"minecraft:bamboo":27,"minecraft:oak_planks":1,"minecraft:cooked_porkchop":5,"minecraft:sand":17,"sophisticatedbackpacks:iron_backpack":2,"minecraft:fermented_spider_eye":1,"undead_revamp2:acidsack":1,"sons_of_sins:flesh_of_demise":1,"minecraft:polished_andesite":3,"born_in_chaos_v1:fire_dust":2,"minecraft:diamond":3,"minecraft:soul_lantern":1,"minecraft:granite":32,"minecraft:bone_meal":2,"minecraft:emerald":5,"minecraft:golden_horse_armor":1,"minecraft:bread":3,"minecraft:rooted_dirt":1,"minecraft:oak_sapling":11,"minecraft:bricks":2,"minecraft:netherrack":4,"minecraft:diamond_pickaxe":1,"minecraft:coarse_dirt":1,"undead_revamp2:bostroxingot":1,"minecraft:crafting_table":6,"born_in_chaos_v1:diamond_termite_shard":2,"graveyard:acacia_coffin":2,"minecraft:chicken":3,"minecraft:nether_wart":5,"minecraft:gold_block":3,"gravestone:obituary":33,"minecraft:moss_carpet":1,"minecraft:flint_and_steel":1,"minecraft:birch_fence":2,"minecraft:sugar_cane":19,"minecraft:chest":1,"minecraft:raw_iron":91,"farmersdelight:tomato_seeds":4,"born_in_chaos_v1:pieceofdarkmetal":6,"minecraft:carrot":59,"minecraft:redstone":41,"minecraft:arrow":29,"sophisticatedbackpacks:copper_backpack":1,"gnumus:mouse_skin":4,"minecraft:skeleton_skull":3,"born_in_chaos_v1:fused_bone":2,"born_in_chaos_v1:corpse_maggot":25,"born_in_chaos_v1:monster_flesh":2,"minecraft:glow_ink_sac":2,"minecraft:salmon":5,"minecraft:leather":2,"minecraft:acacia_wood":9,"minecraft:oak_log":17,"minecraft:gunpowder":19,"minecraft:orange_terracotta":4,"minecraft:stone_bricks":1,"minecraft:iron_ingot":4,"minecraft:cooked_chicken":4,"minecraft:gray_bed":3,"minecraft:iron_sword":1,"minecraft:soul_sand":7,"minecraft:book":6,"minecraft:pumpkin":8,"minecraft:sweet_berries":19,"minecraft:dripstone_block":1,"minecraft:gravel":12,"gnumus:gnumus_cheese":2,"minecraft:slime_ball":12,"minecraft:stone_axe":2,"minecraft:stripped_jungle_wood":1,"minecraft:iron_helmet":1,"minecraft:mossy_cobblestone_stairs":2,"minecraft:oak_button":5,"minecraft:terracotta":9,"minecraft:coal":62,"minecraft:ender_pearl":1}},"DataVersion":3465}