{"stats":{"minecraft:killed":{"undead_revamp2:thewolf":2,"born_in_chaos_v1:restless_spirit":1,"born_in_chaos_v1:zombie_lumberjack":2,"minecraft:spider":8,"undead_revamp2:thesmoker":2,"born_in_chaos_v1:siamese_skeletonsright":1,"undead_revamp2:theswarmer":1,"minecraft:skeleton":28,"gnumus:pitcher_mousse":1,"minecraft:silverfish":5,"undead_revamp2:therod":1,"born_in_chaos_v1:firelight_not_despawn":2,"undead_revamp2:thespitter":1,"arphex:spider_larvae_tiny":2,"minecraft:pig":2,"born_in_chaos_v1:diamond_termite":2,"minecraft:salmon":5,"arphex:maggot":1,"undead_revamp2:thebeartamer":3,"minecraft:creeper":2,"arphex:centipede_evictor_larvae":1,"undead_revamp2:thebidyupside":2,"minecraft:pillager":9,"minecraft:zombie":30,"born_in_chaos_v1:dread_hound":5,"born_in_chaos_v1:corpse_fly":22,"enemyexpansion:botfly":1,"alexsmobs:roadrunner":2,"arphex:spider_larvae":1,"born_in_chaos_v1:siamese_skeletonsleft":1,"minecraft:blaze":2,"undead_revamp2:theimmortal":5,"undead_revamp2:thegliter":1,"undead_revamp2:bomber":1,"minecraft:slime":3,"enemyexpansion:direwolf":10,"alexsmobs:rattlesnake":2,"born_in_chaos_v1:zombie_bruiser":3,"born_in_chaos_v1:maggot":9,"enemyexpansion:faller":1,"gnumus:gnumus_hunter":3,"they_watch_from_the_mist:them_aggro":1,"undead_revamp2:thebidy":1,"born_in_chaos_v1:corpse_fish":3,"minecraft:drowned":2,"undead_revamp2:sucker":1,"enemyexpansion:scorpion":2,"born_in_chaos_v1:spirit_guide":1,"alexsmobs:guster":1,"minecraft:husk":2,"graveyard:ghoul":2,"born_in_chaos_v1:bone_imp_minion":7,"born_in_chaos_v1:baby_skeleton":1,"born_in_chaos_v1:spirit_guide_assistant":4,"undead_revamp2:the_moonflower":6,"enemyexpansion:sprinter":1,"born_in_chaos_v1:decrepit_skeleton":4,"alexsmobs:emu":1,"undead_revamp2:thesomnolence":1,"sons_of_sins:betrayed_guzzler":1,"minecraft:wither_skeleton":9,"enemyexpansion:slugger":3},"minecraft:used":{"alexsmobs:emu_egg":1,"minecraft:moss_block":1,"minecraft:white_terracotta":20,"minecraft:shield":199,"minecraft:iron_sword":68,"minecraft:nether_wart":6,"minecraft:rotten_flesh":12,"graveyard:acacia_coffin":2,"minecraft:soul_sand":10,"artifacts:umbrella":53,"minecraft:jungle_planks":19,"minecraft:carrot":54,"minecraft:tuff":11,"minecraft:obsidian":4,"minecraft:honey_bottle":2,"minecraft:cyan_terracotta":1,"minecraft:lava_bucket":18,"minecraft:bricks":2,"minecraft:villager_spawn_egg":8,"minecraft:jungle_fence_gate":1,"minecraft:iron_helmet":1,"minecraft:stone_bricks":1,"minecraft:scaffolding":34,"minecraft:sweet_berries":41,"guardvillagers:guard_spawn_egg":10,"minecraft:furnace":2,"minecraft:gray_bed":5,"minecraft:beetroot_seeds":4,"minecraft:skeleton_skull":2,"minecraft:potato":32,"minecraft:diorite":8,"minecraft:stone_pickaxe":404,"minecraft:oak_planks":1,"minecraft:composter":1,"minecraft:wooden_pickaxe":57,"minecraft:sugar_cane":23,"minecraft:jungle_boat":1,"minecraft:sand":10,"minecraft:dripstone_block":1,"minecraft:birch_fence":1,"waystones:waystone":1,"minecraft:lever":1,"minecraft:chiseled_sandstone":1,"minecraft:cyan_bed":1,"minecraft:bread":54,"minecraft:melon_slice":54,"minecraft:string":1,"minecraft:lectern":70,"minecraft:iron_door":1,"minecraft:gravel":11,"minecraft:diamond_sword":247,"minecraft:smithing_table":1,"minecraft:cooked_rabbit":3,"minecraft:oak_boat":1,"minecraft:coarse_dirt":1,"minecraft:golden_pickaxe":18,"minecraft:cobweb":2,"waystones:sandy_waystone":2,"minecraft:enchanting_table":1,"minecraft:stone_sword":207,"minecraft:flint_and_steel":2,"minecraft:spruce_planks":1,"farmersdelight:rich_soil":6,"minecraft:cooked_salmon":5,"minecraft:stone_hoe":4,"minecraft:cooked_chicken":3,"minecraft:netherrack":2,"minecraft:torch":257,"minecraft:dirt":120,"minecraft:spruce_stairs":3,"minecraft:granite":29,"minecraft:bookshelf":18,"minecraft:rooted_dirt":1,"minecraft:melon_seeds":2,"alexsmobs:banana":1,"minecraft:cooked_beef":1,"minecraft:cobbled_deepslate":46,"minecraft:acacia_planks":36,"minecraft:orange_terracotta":2,"minecraft:iron_leggings":1,"minecraft:brown_bed":4,"minecraft:wheat_seeds":15,"minecraft:water_bucket":8,"minecraft:cobblestone_stairs":4,"minecraft:polished_andesite":4,"minecraft:red_nether_bricks":2,"minecraft:stonecutter":1,"minecraft:gold_ore":3,"minecraft:terracotta":38,"minecraft:crafting_table":6,"minecraft:campfire":2,"minecraft:diamond_pickaxe":6,"minecraft:oak_button":2,"minecraft:iron_pickaxe":204,"minecraft:jungle_stairs":2,"minecraft:magenta_concrete":2,"minecraft:acacia_fence_gate":1,"minecraft:stone_axe":596,"minecraft:cobblestone":187,"minecraft:cooked_porkchop":2,"minecraft:jungle_door":1,"minecraft:bucket":26,"alexsmobs:animal_dictionary":1,"minecraft:candle":3,"minecraft:smooth_stone":1},"minecraft:dropped":{"sophisticatedbackpacks:iron_backpack":2,"gnumus:overripe_carrot":2,"minecraft:sandstone_slab":1,"minecraft:dirt":3,"minecraft:birch_fence":1,"gravestone:obituary":116,"minecraft:birch_stairs":1,"minecraft:gravel":1,"minecraft:wheat":4,"undead_revamp2:arapholia":2,"minecraft:rotten_flesh":1,"artifacts:villager_hat":1,"alexsmobs:emu_egg":10,"gnumus:gnumus_doubloons":1,"minecraft:skeleton_skull":1,"minecraft:beetroot_seeds":29,"born_in_chaos_v1:corpse_maggot":9,"minecraft:purple_carpet":2,"minecraft:netherrack":2,"farmersdelight:tomato_seeds":1,"minecraft:iron_ingot":2,"minecraft:wheat_seeds":15,"minecraft:dripstone_block":6,"minecraft:cobblestone":5,"minecraft:granite":3,"minecraft:spruce_stairs":2,"minecraft:diorite":17,"minecraft:zombie_head":1,"minecraft:cactus":2,"minecraft:string":1,"minecraft:bricks":1,"minecraft:moss_carpet":1,"minecraft:composter":2,"sophisticatedbackpacks:backpack":1,"minecraft:magenta_concrete":4,"minecraft:oak_button":1,"minecraft:orange_terracotta":3,"minecraft:diamond_pickaxe":1,"minecraft:andesite":5,"minecraft:oak_sapling":9,"minecraft:brown_bed":1,"minecraft:sandstone":11,"minecraft:red_sand":2,"minecraft:magma_block":1,"minecraft:terracotta":4},"minecraft:crafted":{"minecraft:oak_planks":48,"minecraft:jungle_fence_gate":1,"minecraft:blaze_powder":2,"minecraft:cobblestone_stairs":4,"sophisticatedbackpacks:crafting_upgrade":1,"sophisticatedbackpacks:smelting_upgrade":1,"minecraft:bow":1,"minecraft:iron_boots":2,"sophisticatedbackpacks:tank_upgrade":1,"minecraft:melon_seeds":2,"minecraft:chest":1,"minecraft:stone_hoe":1,"minecraft:ender_eye":1,"minecraft:emerald":2,"sophisticatedbackpacks:backpack":1,"minecraft:crafting_table":2,"minecraft:baked_potato":80,"minecraft:jungle_boat":1,"minecraft:iron_helmet":3,"minecraft:wooden_pickaxe":1,"minecraft:sticky_piston":1,"minecraft:campfire":2,"sophisticatedbackpacks:upgrade_base":4,"minecraft:dispenser":1,"sophisticatedbackpacks:xp_pump_upgrade":1,"minecraft:iron_chestplate":3,"minecraft:diamond_pickaxe":1,"minecraft:shield":2,"minecraft:stick":44,"minecraft:iron_ingot":66,"minecraft:iron_pickaxe":1,"minecraft:stone_sword":1,"minecraft:gold_ingot":27,"minecraft:furnace":1,"minecraft:acacia_fence_gate":1,"minecraft:piston":2,"sophisticatedbackpacks:advanced_pump_upgrade":1,"minecraft:scaffolding":12,"minecraft:leather":2,"minecraft:stone_pickaxe":3,"sophisticatedbackpacks:iron_backpack":1,"minecraft:enchanting_table":1,"minecraft:bucket":1,"minecraft:stone_axe":11,"minecraft:air":0,"minecraft:jungle_planks":44,"minecraft:oak_boat":1,"sophisticatedbackpacks:pump_upgrade":1,"minecraft:iron_leggings":3,"minecraft:acacia_planks":36,"minecraft:torch":152},"minecraft:broken":{"minecraft:iron_boots":2,"minecraft:iron_chestplate":3,"minecraft:iron_leggings":3,"minecraft:chainmail_boots":1,"minecraft:stone_pickaxe":2,"minecraft:stone_axe":3,"minecraft:stone_sword":2,"minecraft:chainmail_helmet":1,"minecraft:shield":1,"minecraft:iron_helmet":2},"minecraft:mined":{"graveyard:tg_coarse_dirt":2,"farmersdelight:rich_soil":6,"minecraft:jungle_leaves":1,"minecraft:red_nether_bricks":3,"minecraft:brewing_stand":1,"minecraft:obsidian":5,"minecraft:granite":30,"minecraft:red_sand":3,"minecraft:grass_block":8,"minecraft:jungle_log":8,"minecraft:composter":2,"minecraft:nether_wart":5,"minecraft:smooth_stone":5,"minecraft:tall_seagrass":1,"minecraft:magma_block":1,"minecraft:iron_ore":75,"minecraft:cobbled_deepslate":3,"minecraft:fire":5,"minecraft:pumpkin":8,"minecraft:moss_carpet":1,"minecraft:brown_bed":3,"minecraft:dirt_path":10,"minecraft:iron_block":1,"minecraft:sandstone_slab":2,"minecraft:deepslate_redstone_ore":9,"minecraft:jungle_door":1,"minecraft:orange_terracotta":8,"minecraft:soul_lantern":1,"born_in_chaos_v1:infected_deepslate_diamond_ore":1,"minecraft:torch":33,"minecraft:polished_andesite_stairs":2,"minecraft:melon":11,"minecraft:chest":1,"minecraft:dead_bush":14,"minecraft:bricks":1,"minecraft:cobblestone":12,"minecraft:cyan_bed":1,"minecraft:sugar_cane":10,"minecraft:oak_planks":1,"placeablesmod:bread_full_block":1,"minecraft:iron_door":1,"minecraft:wall_torch":14,"minecraft:skeleton_skull":1,"minecraft:white_terracotta":23,"minecraft:jungle_wood":7,"minecraft:wheat":8,"minecraft:yellow_glazed_terracotta":1,"minecraft:jukebox":1,"minecraft:smooth_stone_slab":1,"minecraft:grass":19,"minecraft:oak_log":8,"minecraft:beetroots":22,"minecraft:sand":30,"minecraft:dirt":44,"minecraft:yellow_stained_glass":1,"minecraft:stonecutter":1,"minecraft:netherrack":3,"minecraft:oak_leaves":22,"minecraft:deepslate":12,"the_knocker:deadcow":1,"minecraft:deepslate_diamond_ore":3,"graveyard:acacia_coffin":2,"minecraft:lever":1,"gravestone:gravestone":72,"minecraft:jungle_planks":4,"minecraft:stripped_jungle_wood":1,"minecraft:magenta_concrete":4,"minecraft:birch_slab":1,"minecraft:spruce_leaves":1,"minecraft:sandstone":45,"minecraft:furnace":2,"minecraft:carrots":28,"minecraft:orange_stained_glass_pane":1,"minecraft:gold_block":3,"minecraft:nether_brick_fence":2,"minecraft:bookshelf":20,"minecraft:potatoes":30,"minecraft:deepslate_iron_ore":16,"minecraft:vine":19,"placeablesmod:cooked_chicken_block":1,"gnumus:fragile_gnumus_jug":3,"minecraft:bamboo":5,"minecraft:stone":202,"minecraft:smithing_table":1,"minecraft:birch_stairs":1,"minecraft:scaffolding":13,"minecraft:soul_sand":7,"minecraft:dandelion":1,"minecraft:crafting_table":6,"graveyard:tg_rooted_dirt":3,"minecraft:lectern":70,"minecraft:tall_grass":5,"minecraft:copper_ore":1,"born_in_chaos_v1:chipped_black_argillite_brick":1,"farmersdelight:wild_tomatoes":1,"minecraft:lapis_ore":1,"minecraft:deepslate_gold_ore":23,"minecraft:diorite":22,"minecraft:spruce_stairs":1,"minecraft:sweet_berry_bush":1,"minecraft:gray_bed":5,"minecraft:birch_leaves":2,"minecraft:coal_ore":56,"minecraft:gravel":4,"minecraft:dripstone_block":1,"minecraft:cobweb":29,"minecraft:terracotta":69,"minecraft:acacia_planks":2,"minecraft:oak_button":2,"minecraft:polished_andesite":1,"minecraft:stone_bricks":1,"minecraft:gold_ore":9,"minecraft:birch_fence":2},"minecraft:killed_by":{"undead_revamp2:sucker":1,"born_in_chaos_v1:nightmare_stalker":3,"minecraft:creeper":1,"minecraft:pillager":7,"born_in_chaos_v1:bone_imp_minion":3,"born_in_chaos_v1:corpse_fly":1,"minecraft:drowned":1,"they_watch_from_the_mist:them_aggro":3,"gnumus:gnumus_hunter":1,"enemyexpansion:sprinter":2,"enemyexpansion:scorpion":4,"born_in_chaos_v1:diamond_termite":1,"minecraft:blaze":1,"minecraft:zombie":7,"born_in_chaos_v1:spirit_guide_assistant":1,"enemyexpansion:silverqueen":1,"born_in_chaos_v1:dire_hound_leader":1,"enemyexpansion:invisicreeper":2,"undead_revamp2:thegliter":2,"minecraft:player":3,"minecraft:spider":1,"arphex:hornet_harbinger":1,"born_in_chaos_v1:siamese_skeletonsleft":1,"minecraft:skeleton":16,"enemyexpansion:botfly":1,"cave_dweller:cave_dweller":1},"minecraft:custom":{"minecraft:animals_bred":12,"minecraft:interact_with_crafting_table":50,"minecraft:open_barrel":55,"minecraft:bell_ring":76,"minecraft:leave_game":7,"minecraft:time_since_death":60,"minecraft:damage_resisted":5,"minecraft:sprint_one_cm":645777,"minecraft:damage_blocked_by_shield":7180,"minecraft:drop":194,"minecraft:talked_to_villager":110,"minecraft:play_time":589505,"minecraft:deaths":73,"minecraft:jump":8261,"minecraft:walk_on_water_one_cm":102408,"minecraft:interact_with_furnace":38,"minecraft:traded_with_villager":2,"minecraft:interact_with_cartography_table":2,"minecraft:sleep_in_bed":19,"minecraft:waystone_activated":4,"minecraft:damage_dealt":53866,"minecraft:player_kills":1,"minecraft:crouch_one_cm":57448,"minecraft:inspect_dispenser":2,"minecraft:interact_with_smithing_table":2,"minecraft:mob_kills":270,"minecraft:interact_with_campfire":13,"minecraft:damage_dealt_resisted":2311,"minecraft:climb_one_cm":65375,"minecraft:walk_one_cm":1831917,"minecraft:damage_dealt_absorbed":80,"minecraft:sneak_time":27936,"minecraft:walk_under_water_one_cm":65828,"minecraft:boat_one_cm":321883,"minecraft:total_world_time":589505,"minecraft:tune_noteblock":1,"minecraft:interact_with_stonecutter":3,"minecraft:time_since_rest":87,"minecraft:damage_taken":23981,"minecraft:swim_one_cm":47723,"minecraft:fly_one_cm":1149184,"minecraft:open_chest":151,"minecraft:fall_one_cm":162908},"minecraft:picked_up":{"minecraft:wheat":21,"minecraft:nether_brick_fence":2,"minecraft:smithing_table":1,"gnumus:gnumus_claw":7,"minecraft:diamond_sword":1,"minecraft:oak_stairs":2,"minecraft:brown_bed":4,"minecraft:enchanted_book":1,"minecraft:brewing_stand":1,"minecraft:string":64,"minecraft:raw_copper":7,"minecraft:cooked_salmon":5,"minecraft:red_nether_bricks":2,"minecraft:zombie_head":1,"minecraft:beetroot":18,"alexsmobs:banana":1,"minecraft:cobbled_deepslate":46,"minecraft:red_sand":2,"minecraft:gold_nugget":1,"minecraft:smooth_stone":9,"minecraft:bucket":1,"minecraft:spruce_planks":4,"minecraft:iron_pickaxe":3,"minecraft:melon_slice":56,"wstweaks:fragment":9,"minecraft:furnace":2,"minecraft:blue_wool":4,"minecraft:jungle_door":1,"minecraft:stick":24,"minecraft:jukebox":1,"born_in_chaos_v1:shattered_skull":2,"minecraft:composter":4,"minecraft:torch":64,"minecraft:spruce_stairs":7,"arphex:maggot_grub":1,"minecraft:porkchop":5,"minecraft:villager_spawn_egg":1,"minecraft:diorite":25,"minecraft:cactus":2,"minecraft:rotten_flesh":97,"artifacts:villager_hat":1,"minecraft:iron_block":1,"minecraft:cyan_terracotta":1,"alexsmobs:emu_egg":11,"farmersdelight:rope":7,"minecraft:bookshelf":18,"minecraft:white_terracotta":21,"minecraft:blaze_rod":1,"minecraft:obsidian":5,"undead_revamp2:arapholia":2,"minecraft:cobblestone":258,"minecraft:magma_block":1,"gnumus:gnumus_doubloons":4,"minecraft:feather":1,"minecraft:cooked_beef":1,"minecraft:iron_door":1,"minecraft:andesite":5,"minecraft:jungle_log":10,"gnumus:overripe_carrot":2,"minecraft:jungle_wood":7,"minecraft:potato":115,"minecraft:tuff":11,"minecraft:lapis_lazuli":5,"minecraft:dirt":126,"gnumus:gnumus_pouch_2":3,"born_in_chaos_v1:monster_skin":4,"minecraft:purple_carpet":2,"minecraft:bone":64,"minecraft:acacia_planks":2,"minecraft:bow":1,"minecraft:stonecutter":1,"minecraft:wheat_seeds":30,"minecraft:raw_gold":32,"minecraft:rabbit":6,"minecraft:bamboo":27,"minecraft:oak_planks":1,"minecraft:cooked_porkchop":5,"minecraft:jungle_planks":5,"minecraft:sand":29,"minecraft:cyan_bed":1,"sophisticatedbackpacks:iron_backpack":3,"minecraft:fermented_spider_eye":1,"minecraft:chiseled_sandstone":1,"undead_revamp2:acidsack":1,"sons_of_sins:flesh_of_demise":1,"minecraft:polished_andesite":4,"born_in_chaos_v1:fire_dust":2,"minecraft:diamond":3,"gnumus:gnumus_clay":10,"minecraft:lever":1,"minecraft:soul_lantern":1,"waystones:waystone":1,"minecraft:granite":32,"minecraft:bone_meal":2,"minecraft:emerald":5,"minecraft:golden_horse_armor":1,"minecraft:bread":4,"minecraft:rooted_dirt":1,"minecraft:oak_sapling":11,"minecraft:bricks":3,"minecraft:netherrack":4,"minecraft:diamond_pickaxe":1,"minecraft:coarse_dirt":1,"undead_revamp2:bostroxingot":1,"minecraft:crafting_table":6,"born_in_chaos_v1:diamond_termite_shard":2,"graveyard:acacia_coffin":2,"minecraft:sandstone_slab":1,"minecraft:chicken":3,"minecraft:nether_wart":7,"minecraft:gold_block":3,"gravestone:obituary":43,"minecraft:moss_carpet":1,"minecraft:iron_axe":1,"minecraft:flint_and_steel":1,"minecraft:birch_fence":2,"minecraft:lectern":70,"minecraft:sugar_cane":23,"minecraft:chest":1,"minecraft:raw_iron":91,"minecraft:sandstone":67,"minecraft:copper_ingot":1,"farmersdelight:tomato_seeds":5,"born_in_chaos_v1:pieceofdarkmetal":6,"minecraft:carrot":101,"minecraft:redstone":41,"minecraft:arrow":132,"minecraft:beetroot_seeds":44,"minecraft:jungle_stairs":2,"sophisticatedbackpacks:copper_backpack":1,"gnumus:mouse_skin":8,"minecraft:white_wool":1,"minecraft:skeleton_skull":3,"born_in_chaos_v1:fused_bone":2,"born_in_chaos_v1:corpse_maggot":27,"farmersdelight:rich_soil":6,"born_in_chaos_v1:monster_flesh":4,"minecraft:glow_ink_sac":2,"minecraft:salmon":5,"minecraft:leather":2,"minecraft:acacia_wood":9,"gnumus:gnumus_pouch":2,"waystones:sandy_waystone":2,"minecraft:oak_log":21,"minecraft:yellow_glazed_terracotta":1,"minecraft:gunpowder":19,"minecraft:orange_terracotta":5,"minecraft:stone_bricks":1,"minecraft:iron_ingot":5,"minecraft:cooked_chicken":4,"minecraft:gray_bed":5,"minecraft:iron_sword":1,"minecraft:soul_sand":10,"minecraft:book":6,"minecraft:polished_andesite_stairs":2,"minecraft:scaffolding":22,"minecraft:pumpkin":8,"minecraft:sweet_berries":38,"born_in_chaos_v1:ethereal_spirit":2,"minecraft:dripstone_block":7,"minecraft:birch_stairs":1,"minecraft:gravel":12,"gnumus:gnumus_cheese":2,"minecraft:slime_ball":12,"minecraft:stone_axe":2,"minecraft:stripped_jungle_wood":1,"minecraft:iron_helmet":1,"minecraft:mossy_cobblestone_stairs":2,"minecraft:oak_button":7,"minecraft:terracotta":51,"minecraft:magenta_concrete":6,"minecraft:coal":62,"minecraft:ender_pearl":1}},"DataVersion":3465}