{"stats":{"minecraft:used":{"minecraft:beetroot":27,"minecraft:moss_block":3,"minecraft:shield":199,"minecraft:chest":1,"minecraft:white_terracotta":20,"minecraft:nether_wart":8,"minecraft:iron_sword":68,"minecraft:rotten_flesh":14,"graveyard:acacia_coffin":2,"minecraft:iron_chestplate":1,"graveyard:small_cyan_urn":1,"artifacts:umbrella":89,"minecraft:soul_sand":11,"minecraft:jungle_planks":19,"minecraft:carrot":311,"minecraft:tuff":14,"minecraft:obsidian":4,"minecraft:milk_bucket":1,"minecraft:honey_bottle":2,"minecraft:cyan_terracotta":1,"minecraft:lava_bucket":132,"minecraft:bricks":2,"minecraft:villager_spawn_egg":28,"minecraft:jungle_fence_gate":1,"minecraft:lantern":1,"minecraft:polished_andesite_stairs":2,"minecraft:iron_helmet":2,"minecraft:stone_bricks":1,"minecraft:bow":81,"minecraft:scaffolding":46,"minecraft:sweet_berries":73,"minecraft:beetroot_seeds":4,"guardvillagers:guard_spawn_egg":40,"minecraft:furnace":2,"minecraft:potato":32,"minecraft:skeleton_skull":2,"minecraft:gray_bed":5,"minecraft:mossy_stone_bricks":1,"minecraft:diorite":8,"minecraft:stone_pickaxe":404,"minecraft:oak_planks":1,"minecraft:sugar_cane":23,"minecraft:sandstone":47,"minecraft:wooden_pickaxe":57,"minecraft:composter":1,"minecraft:jungle_boat":7,"minecraft:sand":38,"minecraft:blast_furnace":1,"minecraft:dripstone_block":1,"minecraft:birch_fence":2,"minecraft:redstone_torch":3,"waystones:waystone":2,"minecraft:lever":1,"minecraft:chiseled_sandstone":1,"minecraft:melon_slice":64,"minecraft:iron_door":1,"minecraft:string":1,"minecraft:bread":87,"minecraft:cyan_bed":1,"minecraft:lectern":193,"minecraft:gravel":30,"minecraft:soul_lantern":1,"minecraft:diamond_sword":669,"minecraft:cooked_rabbit":3,"minecraft:andesite":1,"minecraft:cobweb":2,"minecraft:smithing_table":1,"minecraft:coarse_dirt":1,"minecraft:golden_pickaxe":18,"minecraft:oak_boat":1,"waystones:sandy_waystone":2,"minecraft:enchanting_table":1,"minecraft:stone_sword":207,"minecraft:flint_and_steel":2,"minecraft:spruce_planks":1,"minecraft:ender_chest":1,"minecraft:cooked_salmon":5,"minecraft:stone_hoe":4,"farmersdelight:rich_soil":6,"minecraft:cooked_chicken":3,"minecraft:netherrack":2,"minecraft:torch":449,"minecraft:brewing_stand":1,"minecraft:dirt":120,"minecraft:spruce_stairs":3,"minecraft:granite":29,"minecraft:bookshelf":18,"minecraft:rooted_dirt":1,"minecraft:melon_seeds":2,"minecraft:bamboo":39,"minecraft:soul_soil":1,"alexsmobs:banana":1,"minecraft:cooked_beef":1,"minecraft:cobbled_deepslate":121,"minecraft:acacia_planks":36,"minecraft:orange_terracotta":2,"minecraft:brown_bed":4,"minecraft:iron_leggings":1,"minecraft:wheat_seeds":75,"minecraft:water_bucket":13,"minecraft:cobblestone_stairs":4,"minecraft:polished_andesite":4,"minecraft:red_nether_bricks":2,"gnumus:overripe_carrot":19,"minecraft:stonecutter":1,"minecraft:gold_ore":3,"minecraft:terracotta":242,"minecraft:crafting_table":6,"minecraft:campfire":2,"minecraft:flower_pot":3,"minecraft:diamond_pickaxe":18,"minecraft:iron_pickaxe":345,"minecraft:oak_button":2,"minecraft:magenta_concrete":2,"minecraft:jungle_stairs":2,"minecraft:acacia_fence_gate":1,"minecraft:stone_axe":637,"minecraft:cobblestone":207,"minecraft:bucket":32,"minecraft:cooked_porkchop":2,"minecraft:jungle_door":1,"minecraft:sandstone_slab":1,"minecraft:sea_pickle":1,"alexsmobs:animal_dictionary":1,"minecraft:birch_stairs":5,"alexsmobs:emu_egg":2,"minecraft:candle":3,"minecraft:smooth_stone":2},"minecraft:broken":{"minecraft:iron_boots":2,"minecraft:iron_chestplate":3,"minecraft:iron_leggings":3,"minecraft:chainmail_boots":1,"minecraft:stone_pickaxe":2,"minecraft:stone_axe":3,"minecraft:stone_sword":2,"minecraft:chainmail_helmet":1,"minecraft:shield":1,"minecraft:iron_helmet":4},"minecraft:mined":{"graveyard:tg_coarse_dirt":2,"farmersdelight:rich_soil":6,"minecraft:jungle_leaves":1,"minecraft:red_nether_bricks":3,"minecraft:brewing_stand":1,"minecraft:obsidian":13,"minecraft:granite":30,"minecraft:red_sand":3,"minecraft:grass_block":13,"minecraft:jungle_log":8,"minecraft:soul_soil":1,"minecraft:composter":2,"minecraft:hopper":2,"minecraft:nether_wart":6,"minecraft:spawner":7,"minecraft:smooth_stone":5,"minecraft:tall_seagrass":2,"minecraft:magma_block":1,"minecraft:iron_ore":75,"minecraft:fire":80,"minecraft:cobbled_deepslate":3,"minecraft:moss_carpet":1,"minecraft:pumpkin":15,"minecraft:deepslate_lapis_ore":8,"minecraft:brown_bed":3,"minecraft:dirt_path":10,"minecraft:iron_block":2,"minecraft:deepslate_redstone_ore":17,"minecraft:sandstone_slab":5,"minecraft:jungle_door":1,"minecraft:orange_terracotta":8,"minecraft:soul_lantern":1,"minecraft:torch":62,"born_in_chaos_v1:infected_deepslate_diamond_ore":1,"minecraft:blast_furnace":1,"minecraft:polished_andesite_stairs":4,"minecraft:melon":13,"minecraft:chest":2,"minecraft:dead_bush":14,"minecraft:cobblestone":18,"minecraft:oak_planks":1,"minecraft:sugar_cane":10,"minecraft:cyan_bed":1,"minecraft:bricks":1,"placeablesmod:bread_full_block":1,"minecraft:iron_door":1,"minecraft:wall_torch":25,"minecraft:skeleton_skull":1,"minecraft:white_terracotta":23,"minecraft:jungle_wood":7,"minecraft:wheat":66,"minecraft:jukebox":1,"minecraft:yellow_glazed_terracotta":1,"minecraft:smooth_stone_slab":1,"minecraft:grass":24,"minecraft:oak_log":8,"minecraft:beetroots":52,"minecraft:dirt":46,"minecraft:sand":32,"graveyard:small_cyan_urn":1,"minecraft:stonecutter":1,"minecraft:yellow_stained_glass":1,"minecraft:netherrack":3,"minecraft:oak_leaves":22,"minecraft:deepslate":70,"minecraft:tuff":2,"the_knocker:deadcow":1,"minecraft:deepslate_diamond_ore":6,"graveyard:acacia_coffin":2,"minecraft:lever":1,"gravestone:gravestone":82,"minecraft:jungle_planks":4,"minecraft:stripped_jungle_wood":1,"minecraft:magenta_concrete":4,"minecraft:spruce_leaves":1,"minecraft:birch_slab":1,"minecraft:moss_block":2,"minecraft:sandstone":48,"minecraft:redstone_ore":8,"minecraft:oak_trapdoor":1,"minecraft:furnace":2,"minecraft:carrots":149,"minecraft:orange_stained_glass_pane":1,"minecraft:andesite":1,"minecraft:gold_block":3,"minecraft:nether_brick_fence":2,"minecraft:bookshelf":20,"minecraft:potatoes":59,"minecraft:deepslate_iron_ore":16,"minecraft:vine":19,"placeablesmod:cooked_chicken_block":1,"gnumus:fragile_gnumus_jug":3,"minecraft:bamboo":34,"minecraft:stone":210,"minecraft:jungle_fence_gate":1,"minecraft:potted_allium":2,"minecraft:smithing_table":1,"minecraft:birch_stairs":6,"minecraft:scaffolding":13,"minecraft:soul_sand":8,"minecraft:dandelion":1,"minecraft:crafting_table":6,"graveyard:tg_rooted_dirt":3,"minecraft:lectern":73,"minecraft:copper_ore":1,"minecraft:tall_grass":6,"born_in_chaos_v1:chipped_black_argillite_brick":1,"minecraft:lapis_ore":9,"farmersdelight:wild_tomatoes":1,"minecraft:deepslate_gold_ore":23,"minecraft:diorite":22,"minecraft:spruce_stairs":1,"minecraft:redstone_torch":1,"minecraft:sweet_berry_bush":1,"minecraft:gray_bed":5,"minecraft:birch_leaves":2,"minecraft:coal_ore":67,"minecraft:gravel":22,"minecraft:dripstone_block":1,"minecraft:cobweb":29,"minecraft:terracotta":72,"minecraft:acacia_planks":2,"minecraft:oak_button":2,"minecraft:polished_andesite":1,"minecraft:stone_bricks":1,"minecraft:mossy_stone_bricks":1,"minecraft:gold_ore":9,"minecraft:birch_fence":3},"minecraft:crafted":{"minecraft:ender_chest":1,"minecraft:oak_planks":48,"minecraft:jungle_fence_gate":1,"minecraft:blaze_powder":2,"minecraft:cobblestone_stairs":4,"sophisticatedbackpacks:crafting_upgrade":1,"sophisticatedbackpacks:smelting_upgrade":1,"minecraft:bow":1,"minecraft:iron_boots":4,"sophisticatedbackpacks:tank_upgrade":1,"minecraft:melon_seeds":2,"minecraft:chest":1,"minecraft:stone_hoe":1,"minecraft:ender_eye":2,"minecraft:emerald":21,"sophisticatedbackpacks:backpack":1,"minecraft:crafting_table":2,"minecraft:jungle_boat":2,"minecraft:wooden_pickaxe":1,"minecraft:iron_helmet":3,"minecraft:baked_potato":80,"minecraft:copper_ingot":7,"minecraft:sticky_piston":1,"minecraft:campfire":2,"sophisticatedbackpacks:upgrade_base":4,"minecraft:dispenser":1,"minecraft:iron_chestplate":3,"sophisticatedbackpacks:xp_pump_upgrade":1,"minecraft:diamond_pickaxe":2,"minecraft:shield":2,"minecraft:stick":60,"minecraft:iron_ingot":75,"minecraft:iron_pickaxe":2,"minecraft:stone_sword":1,"minecraft:gold_ingot":69,"minecraft:redstone_torch":1,"minecraft:acacia_fence_gate":1,"minecraft:furnace":1,"minecraft:piston":2,"sophisticatedbackpacks:advanced_pump_upgrade":1,"minecraft:scaffolding":12,"minecraft:leather":2,"minecraft:stone_pickaxe":3,"sophisticatedbackpacks:iron_backpack":2,"minecraft:diamond_sword":1,"minecraft:enchanting_table":1,"sophisticatedbackpacks:gold_backpack":2,"minecraft:bucket":2,"minecraft:stone_axe":12,"minecraft:enchanted_book":3,"minecraft:air":0,"minecraft:jungle_planks":48,"minecraft:oak_boat":1,"sophisticatedbackpacks:pump_upgrade":1,"minecraft:iron_leggings":3,"minecraft:acacia_planks":36,"minecraft:torch":276},"minecraft:custom":{"minecraft:animals_bred":23,"minecraft:interact_with_crafting_table":54,"minecraft:open_barrel":61,"minecraft:bell_ring":76,"minecraft:leave_game":11,"minecraft:time_since_death":134748,"minecraft:damage_resisted":5,"minecraft:sprint_one_cm":1012857,"minecraft:damage_blocked_by_shield":8412,"minecraft:drop":257,"minecraft:talked_to_villager":294,"minecraft:play_time":852164,"minecraft:deaths":85,"minecraft:jump":11688,"minecraft:enchant_item":12,"minecraft:walk_on_water_one_cm":169831,"minecraft:interact_with_furnace":47,"minecraft:interact_with_cartography_table":2,"minecraft:traded_with_villager":24,"minecraft:sleep_in_bed":34,"minecraft:waystone_activated":6,"minecraft:open_enderchest":24,"minecraft:damage_dealt":78692,"minecraft:player_kills":1,"minecraft:crouch_one_cm":80167,"minecraft:inspect_dispenser":3,"minecraft:interact_with_smithing_table":3,"minecraft:interact_with_anvil":7,"minecraft:mob_kills":435,"minecraft:interact_with_campfire":13,"minecraft:damage_dealt_resisted":3291,"minecraft:climb_one_cm":97340,"minecraft:walk_one_cm":2614934,"minecraft:damage_dealt_absorbed":80,"minecraft:sneak_time":38396,"minecraft:walk_under_water_one_cm":80568,"minecraft:boat_one_cm":510883,"minecraft:interact_with_blast_furnace":10,"minecraft:total_world_time":852164,"minecraft:tune_noteblock":1,"minecraft:pot_flower":1,"minecraft:interact_with_stonecutter":3,"minecraft:time_since_rest":50202,"minecraft:damage_taken":31285,"minecraft:damage_absorbed":22,"minecraft:swim_one_cm":47723,"minecraft:fly_one_cm":1979049,"minecraft:open_chest":197,"minecraft:fall_one_cm":181500},"minecraft:killed_by":{"undead_revamp2:sucker":1,"born_in_chaos_v1:nightmare_stalker":3,"minecraft:creeper":1,"minecraft:pillager":14,"born_in_chaos_v1:bone_imp_minion":3,"born_in_chaos_v1:corpse_fly":2,"minecraft:drowned":1,"they_watch_from_the_mist:them_aggro":3,"gnumus:gnumus_hunter":1,"enemyexpansion:sprinter":2,"enemyexpansion:scorpion":4,"born_in_chaos_v1:diamond_termite":1,"minecraft:blaze":1,"minecraft:zombie":7,"born_in_chaos_v1:spirit_guide_assistant":1,"enemyexpansion:silverqueen":1,"born_in_chaos_v1:dire_hound_leader":1,"enemyexpansion:invisicreeper":2,"undead_revamp2:thegliter":2,"minecraft:player":3,"enemyexpansion:trollenraged":1,"minecraft:spider":1,"arphex:hornet_harbinger":1,"born_in_chaos_v1:siamese_skeletonsleft":1,"minecraft:skeleton":18,"enemyexpansion:botfly":1,"cave_dweller:cave_dweller":2},"minecraft:dropped":{"sophisticatedbackpacks:iron_backpack":3,"gnumus:overripe_carrot":7,"minecraft:sandstone_slab":2,"minecraft:dirt":4,"minecraft:birch_fence":1,"minecraft:stone_button":2,"gravestone:obituary":133,"minecraft:bone_meal":1,"minecraft:sand":7,"minecraft:birch_stairs":1,"minecraft:gravel":1,"minecraft:wheat":5,"undead_revamp2:arapholia":2,"minecraft:rotten_flesh":5,"artifacts:villager_hat":1,"alexsmobs:emu_egg":10,"gnumus:gnumus_doubloons":1,"minecraft:skeleton_skull":1,"minecraft:beetroot_seeds":92,"born_in_chaos_v1:corpse_maggot":27,"minecraft:netherrack":2,"minecraft:purple_carpet":2,"farmersdelight:tomato_seeds":1,"minecraft:iron_ingot":2,"minecraft:bread":64,"minecraft:wheat_seeds":71,"minecraft:dripstone_block":6,"minecraft:iron_helmet":2,"minecraft:cobblestone":7,"minecraft:granite":3,"minecraft:spruce_stairs":2,"minecraft:oxeye_daisy":1,"minecraft:lava_bucket":1,"minecraft:diorite":17,"minecraft:zombie_head":1,"minecraft:cactus":2,"minecraft:string":1,"minecraft:dandelion":1,"minecraft:bricks":1,"minecraft:moss_carpet":1,"minecraft:jungle_fence_gate":2,"minecraft:oak_trapdoor":1,"minecraft:composter":2,"sophisticatedbackpacks:backpack":1,"minecraft:magenta_concrete":4,"minecraft:flower_pot":3,"minecraft:oak_button":1,"minecraft:allium":4,"minecraft:orange_terracotta":6,"minecraft:diamond_pickaxe":1,"minecraft:andesite":5,"minecraft:oak_sapling":9,"minecraft:brown_bed":1,"minecraft:sandstone":11,"minecraft:red_sand":2,"minecraft:red_tulip":2,"minecraft:magma_block":1,"minecraft:terracotta":11},"minecraft:killed":{"undead_revamp2:thewolf":2,"born_in_chaos_v1:restless_spirit":1,"born_in_chaos_v1:zombie_lumberjack":2,"enemyexpansion:equestrian":1,"minecraft:spider":18,"undead_revamp2:thesmoker":5,"born_in_chaos_v1:siamese_skeletonsright":1,"undead_revamp2:theswarmer":2,"minecraft:skeleton":33,"gnumus:pitcher_mousse":1,"minecraft:silverfish":5,"undead_revamp2:therod":1,"undead_revamp2:thepregnant":1,"undead_revamp2:thespitter":2,"born_in_chaos_v1:firelight_not_despawn":2,"enemyexpansion:vampflyer":1,"arphex:spider_larvae_tiny":2,"minecraft:pig":2,"born_in_chaos_v1:diamond_termite":2,"minecraft:salmon":5,"arphex:maggot":1,"undead_revamp2:thebeartamer":3,"minecraft:creeper":7,"arphex:centipede_evictor_larvae":1,"undead_revamp2:thebidyupside":2,"minecraft:pillager":13,"minecraft:zombie":35,"born_in_chaos_v1:dread_hound":6,"enemyexpansion:vampire":1,"born_in_chaos_v1:corpse_fly":43,"enemyexpansion:botfly":1,"undead_revamp2:theskeeper":1,"alexsmobs:roadrunner":2,"cave_dweller:cave_dweller":1,"born_in_chaos_v1:door_knight":1,"arphex:spider_larvae":1,"born_in_chaos_v1:siamese_skeletonsleft":1,"minecraft:blaze":2,"arphex:hornet_harbinger_giant":1,"undead_revamp2:thehunter":1,"undead_revamp2:theimmortal":5,"undead_revamp2:thegliter":1,"enemyexpansion:intruder":1,"undead_revamp2:bomber":1,"minecraft:slime":3,"enemyexpansion:direwolf":15,"alexsmobs:rattlesnake":4,"born_in_chaos_v1:zombie_bruiser":5,"born_in_chaos_v1:maggot":24,"enemyexpansion:faller":1,"arphex:hornet_harbinger":2,"gnumus:gnumus_hunter":4,"they_watch_from_the_mist:them_aggro":1,"undead_revamp2:thebidy":2,"minecraft:drowned":3,"born_in_chaos_v1:corpse_fish":16,"undead_revamp2:sucker":3,"born_in_chaos_v1:barrel_zombie":1,"enemyexpansion:scorpion":2,"born_in_chaos_v1:spiritof_chaos":1,"born_in_chaos_v1:spirit_guide":1,"minecraft:husk":2,"alexsmobs:guster":13,"graveyard:ghoul":2,"born_in_chaos_v1:bone_imp_minion":7,"born_in_chaos_v1:baby_skeleton":2,"born_in_chaos_v1:swarmer":2,"born_in_chaos_v1:spirit_guide_assistant":4,"undead_revamp2:the_moonflower":11,"enemyexpansion:sprinter":1,"born_in_chaos_v1:decrepit_skeleton":7,"alexsmobs:emu":1,"gnumus:gnumus_merchant":1,"born_in_chaos_v1:bloody_gadfly":2,"undead_revamp2:thesomnolence":9,"sons_of_sins:betrayed_guzzler":1,"born_in_chaos_v1:dark_vortex":1,"minecraft:wither_skeleton":9,"minecraft:enderman":1,"enemyexpansion:slugger":3},"minecraft:picked_up":{"minecraft:iron_chestplate":1,"minecraft:wheat":88,"minecraft:nether_brick_fence":2,"minecraft:flower_pot":4,"gnumus:gnumus_claw":10,"minecraft:smithing_table":1,"artifacts:umbrella":1,"minecraft:diamond_sword":1,"minecraft:oak_stairs":2,"minecraft:brown_bed":4,"minecraft:enchanted_book":1,"minecraft:brewing_stand":1,"minecraft:string":77,"minecraft:soul_soil":1,"minecraft:raw_copper":7,"minecraft:cooked_salmon":5,"arphex:necrotic_fang":1,"minecraft:red_nether_bricks":2,"minecraft:experience_bottle":1,"minecraft:zombie_head":1,"minecraft:beetroot":45,"minecraft:smooth_stone":9,"minecraft:sea_pickle":1,"minecraft:red_sand":2,"alexsmobs:banana":1,"minecraft:gold_nugget":1,"minecraft:cobbled_deepslate":137,"minecraft:bucket":1,"minecraft:spruce_planks":4,"minecraft:redstone_torch":2,"minecraft:iron_pickaxe":3,"minecraft:melon_slice":66,"wstweaks:fragment":9,"minecraft:furnace":2,"minecraft:blue_wool":4,"minecraft:stick":24,"born_in_chaos_v1:shattered_skull":2,"minecraft:jungle_door":1,"minecraft:jukebox":1,"minecraft:composter":4,"minecraft:torch":120,"minecraft:spruce_stairs":7,"arphex:maggot_grub":1,"minecraft:porkchop":5,"minecraft:villager_spawn_egg":1,"minecraft:diorite":25,"gnumus:wrapper_with_goods":1,"gnumus:vintage_metal":1,"minecraft:cactus":2,"minecraft:rotten_flesh":158,"artifacts:villager_hat":1,"minecraft:red_tulip":2,"minecraft:iron_block":2,"minecraft:cyan_terracotta":1,"farmersdelight:rope":7,"alexsmobs:emu_egg":12,"minecraft:bookshelf":18,"minecraft:white_terracotta":21,"minecraft:blaze_rod":1,"minecraft:obsidian":13,"undead_revamp2:arapholia":2,"minecraft:cobblestone":272,"minecraft:magma_block":1,"gnumus:gnumus_doubloons":12,"minecraft:feather":1,"minecraft:cooked_beef":1,"minecraft:andesite":6,"minecraft:iron_door":1,"born_in_chaos_v1:spiritual_dust":2,"minecraft:jungle_log":10,"gnumus:overripe_carrot":27,"minecraft:golden_leggings":1,"minecraft:potato":221,"minecraft:jungle_wood":7,"minecraft:flint":2,"minecraft:tuff":14,"minecraft:lapis_lazuli":98,"minecraft:dirt":127,"minecraft:lantern":1,"gnumus:gnumus_pouch_2":4,"born_in_chaos_v1:monster_skin":5,"minecraft:purple_carpet":2,"minecraft:bone":94,"minecraft:acacia_planks":2,"undead_revamp2:blacpetalblock":1,"minecraft:stonecutter":1,"minecraft:bow":1,"minecraft:wheat_seeds":181,"minecraft:raw_gold":33,"minecraft:mossy_stone_bricks":1,"minecraft:rabbit":9,"minecraft:bamboo":101,"minecraft:moss_block":2,"minecraft:oak_planks":1,"minecraft:cooked_porkchop":5,"minecraft:sand":45,"minecraft:jungle_planks":5,"minecraft:fermented_spider_eye":1,"sophisticatedbackpacks:iron_backpack":4,"minecraft:cyan_bed":1,"minecraft:chiseled_sandstone":1,"sons_of_sins:flesh_of_demise":1,"undead_revamp2:acidsack":1,"minecraft:polished_andesite":4,"alexsmobs:guster_eye":2,"born_in_chaos_v1:fire_dust":2,"minecraft:diamond":6,"gnumus:gnumus_clay":10,"minecraft:lever":1,"minecraft:soul_lantern":1,"waystones:waystone":2,"alexsmobs:rattlesnake_rattle":1,"minecraft:crossbow":3,"minecraft:granite":32,"minecraft:bone_meal":7,"minecraft:bread":5,"minecraft:golden_horse_armor":1,"minecraft:emerald":5,"minecraft:rooted_dirt":1,"born_in_chaos_v1:rotten_fish":5,"minecraft:oak_sapling":11,"minecraft:netherrack":4,"minecraft:bricks":3,"minecraft:diamond_pickaxe":1,"undead_revamp2:bostroxingot":1,"minecraft:coarse_dirt":1,"minecraft:crafting_table":6,"born_in_chaos_v1:diamond_termite_shard":2,"graveyard:acacia_coffin":2,"minecraft:allium":5,"minecraft:sandstone_slab":4,"minecraft:chicken":3,"minecraft:nether_wart":9,"minecraft:clay_ball":4,"born_in_chaos_v1:seedof_chaos":3,"minecraft:gold_block":3,"gravestone:obituary":48,"minecraft:shield":1,"minecraft:oak_trapdoor":1,"minecraft:moss_carpet":1,"minecraft:iron_axe":1,"minecraft:flint_and_steel":1,"minecraft:birch_fence":3,"born_in_chaos_v1:gnawed_bones":1,"minecraft:lectern":73,"minecraft:sugar_cane":23,"minecraft:chest":2,"minecraft:raw_iron":92,"minecraft:sandstone":70,"minecraft:copper_ingot":1,"farmersdelight:tomato_seeds":5,"minecraft:stone_button":2,"minecraft:jungle_fence_gate":2,"minecraft:carrot":540,"born_in_chaos_v1:pieceofdarkmetal":6,"graveyard:small_cyan_urn":1,"minecraft:redstone":110,"minecraft:arrow":137,"minecraft:beetroot_seeds":107,"minecraft:jungle_stairs":2,"minecraft:totem_of_undying":1,"sophisticatedbackpacks:copper_backpack":1,"gnumus:mouse_skin":12,"minecraft:skeleton_skull":3,"minecraft:white_wool":1,"minecraft:oxeye_daisy":1,"born_in_chaos_v1:fused_bone":2,"born_in_chaos_v1:corpse_maggot":57,"farmersdelight:rich_soil":6,"minecraft:jungle_boat":6,"born_in_chaos_v1:monster_flesh":5,"minecraft:glow_ink_sac":2,"minecraft:salmon":5,"minecraft:leather":2,"minecraft:acacia_wood":9,"gnumus:gnumus_pouch":2,"waystones:sandy_waystone":2,"minecraft:oak_log":22,"minecraft:yellow_glazed_terracotta":1,"minecraft:gunpowder":32,"minecraft:paper":2,"minecraft:orange_terracotta":8,"minecraft:stone_bricks":1,"minecraft:iron_ingot":5,"minecraft:cooked_chicken":4,"minecraft:gray_bed":5,"minecraft:iron_sword":5,"minecraft:soul_sand":11,"minecraft:book":6,"minecraft:scaffolding":34,"minecraft:polished_andesite_stairs":4,"minecraft:pumpkin":15,"minecraft:sweet_berries":70,"born_in_chaos_v1:ethereal_spirit":4,"minecraft:dandelion":1,"minecraft:dripstone_block":7,"minecraft:gravel":49,"minecraft:birch_stairs":6,"born_in_chaos_v1:dark_rod":2,"gnumus:gnumus_cheese":2,"minecraft:blast_furnace":1,"artifacts:scarf_of_invisibility":1,"minecraft:spider_eye":2,"minecraft:slime_ball":20,"minecraft:stone_axe":2,"minecraft:chainmail_leggings":1,"minecraft:iron_helmet":3,"minecraft:stripped_jungle_wood":1,"minecraft:mossy_cobblestone_stairs":2,"minecraft:oak_button":7,"minecraft:terracotta":59,"minecraft:magenta_concrete":6,"minecraft:coal":73,"minecraft:hopper":2,"minecraft:ender_pearl":1}},"DataVersion":3465}