{"stats":{"minecraft:killed":{"undead_revamp2:thewolf":2,"born_in_chaos_v1:restless_spirit":1,"born_in_chaos_v1:zombie_lumberjack":1,"minecraft:spider":8,"undead_revamp2:thesmoker":2,"born_in_chaos_v1:siamese_skeletonsright":1,"minecraft:skeleton":26,"gnumus:pitcher_mousse":1,"minecraft:silverfish":5,"born_in_chaos_v1:firelight_not_despawn":2,"undead_revamp2:thespitter":1,"arphex:spider_larvae_tiny":2,"minecraft:pig":2,"born_in_chaos_v1:diamond_termite":2,"minecraft:salmon":5,"arphex:maggot":1,"undead_revamp2:thebeartamer":2,"minecraft:creeper":1,"arphex:centipede_evictor_larvae":1,"undead_revamp2:thebidyupside":2,"minecraft:pillager":1,"minecraft:zombie":28,"born_in_chaos_v1:dread_hound":4,"born_in_chaos_v1:corpse_fly":21,"enemyexpansion:botfly":1,"alexsmobs:roadrunner":2,"arphex:spider_larvae":1,"born_in_chaos_v1:siamese_skeletonsleft":1,"minecraft:blaze":2,"undead_revamp2:theimmortal":5,"undead_revamp2:thegliter":1,"undead_revamp2:bomber":1,"minecraft:slime":3,"enemyexpansion:direwolf":6,"alexsmobs:rattlesnake":2,"born_in_chaos_v1:zombie_bruiser":3,"born_in_chaos_v1:maggot":9,"enemyexpansion:faller":1,"gnumus:gnumus_hunter":1,"they_watch_from_the_mist:them_aggro":1,"undead_revamp2:thebidy":1,"born_in_chaos_v1:corpse_fish":3,"minecraft:drowned":2,"undead_revamp2:sucker":1,"enemyexpansion:scorpion":2,"born_in_chaos_v1:spirit_guide":1,"minecraft:husk":2,"graveyard:ghoul":2,"born_in_chaos_v1:bone_imp_minion":7,"born_in_chaos_v1:baby_skeleton":1,"born_in_chaos_v1:spirit_guide_assistant":2,"undead_revamp2:the_moonflower":6,"enemyexpansion:sprinter":1,"born_in_chaos_v1:decrepit_skeleton":2,"alexsmobs:emu":1,"undead_revamp2:thesomnolence":1,"sons_of_sins:betrayed_guzzler":1,"minecraft:wither_skeleton":9,"enemyexpansion:slugger":3},"minecraft:used":{"alexsmobs:emu_egg":1,"minecraft:moss_block":1,"minecraft:shield":199,"minecraft:iron_sword":68,"minecraft:nether_wart":6,"minecraft:rotten_flesh":12,"graveyard:acacia_coffin":2,"minecraft:soul_sand":10,"artifacts:umbrella":42,"minecraft:jungle_planks":19,"minecraft:carrot":52,"minecraft:tuff":11,"minecraft:obsidian":4,"minecraft:honey_bottle":2,"minecraft:cyan_terracotta":1,"minecraft:lava_bucket":18,"minecraft:bricks":2,"minecraft:villager_spawn_egg":3,"minecraft:iron_helmet":1,"minecraft:stone_bricks":1,"minecraft:scaffolding":34,"minecraft:sweet_berries":31,"guardvillagers:guard_spawn_egg":10,"minecraft:furnace":2,"minecraft:gray_bed":5,"minecraft:beetroot_seeds":4,"minecraft:skeleton_skull":2,"minecraft:potato":32,"minecraft:diorite":8,"minecraft:stone_pickaxe":402,"minecraft:oak_planks":1,"minecraft:wooden_pickaxe":57,"minecraft:sugar_cane":19,"minecraft:jungle_boat":1,"minecraft:sand":1,"minecraft:dripstone_block":1,"minecraft:birch_fence":1,"waystones:waystone":1,"minecraft:lever":1,"minecraft:chiseled_sandstone":1,"minecraft:cyan_bed":1,"minecraft:bread":23,"minecraft:melon_slice":54,"minecraft:string":1,"minecraft:lectern":55,"minecraft:iron_door":1,"minecraft:gravel":11,"minecraft:diamond_sword":56,"minecraft:smithing_table":1,"minecraft:cooked_rabbit":3,"minecraft:oak_boat":1,"minecraft:coarse_dirt":1,"minecraft:golden_pickaxe":18,"minecraft:cobweb":2,"waystones:sandy_waystone":1,"minecraft:enchanting_table":1,"minecraft:stone_sword":207,"minecraft:flint_and_steel":2,"farmersdelight:rich_soil":6,"minecraft:cooked_salmon":5,"minecraft:stone_hoe":4,"minecraft:cooked_chicken":3,"minecraft:netherrack":2,"minecraft:torch":226,"minecraft:dirt":120,"minecraft:spruce_stairs":3,"minecraft:granite":29,"minecraft:bookshelf":18,"minecraft:rooted_dirt":1,"minecraft:melon_seeds":2,"alexsmobs:banana":1,"minecraft:cooked_beef":1,"minecraft:cobbled_deepslate":46,"minecraft:acacia_planks":36,"minecraft:orange_terracotta":2,"minecraft:iron_leggings":1,"minecraft:brown_bed":3,"minecraft:wheat_seeds":15,"minecraft:water_bucket":8,"minecraft:cobblestone_stairs":4,"minecraft:polished_andesite":2,"minecraft:red_nether_bricks":2,"minecraft:stonecutter":1,"minecraft:gold_ore":3,"minecraft:terracotta":36,"minecraft:crafting_table":6,"minecraft:campfire":2,"minecraft:diamond_pickaxe":6,"minecraft:oak_button":2,"minecraft:iron_pickaxe":146,"minecraft:acacia_fence_gate":1,"minecraft:stone_axe":588,"minecraft:cobblestone":187,"minecraft:cooked_porkchop":2,"minecraft:bucket":26,"alexsmobs:animal_dictionary":1,"minecraft:candle":3,"minecraft:smooth_stone":1},"minecraft:dropped":{"sophisticatedbackpacks:iron_backpack":2,"gnumus:overripe_carrot":2,"minecraft:dirt":2,"minecraft:birch_fence":1,"gravestone:obituary":97,"minecraft:birch_stairs":1,"minecraft:gravel":1,"minecraft:wheat":4,"undead_revamp2:arapholia":2,"minecraft:rotten_flesh":1,"artifacts:villager_hat":1,"alexsmobs:emu_egg":10,"gnumus:gnumus_doubloons":1,"minecraft:skeleton_skull":1,"minecraft:beetroot_seeds":29,"born_in_chaos_v1:corpse_maggot":9,"minecraft:netherrack":2,"minecraft:iron_ingot":2,"minecraft:wheat_seeds":12,"minecraft:cobblestone":5,"minecraft:granite":3,"minecraft:diorite":17,"minecraft:zombie_head":1,"minecraft:cactus":2,"minecraft:string":1,"minecraft:moss_carpet":1,"sophisticatedbackpacks:backpack":1,"minecraft:oak_button":1,"minecraft:orange_terracotta":3,"minecraft:diamond_pickaxe":1,"minecraft:andesite":5,"minecraft:oak_sapling":9,"minecraft:brown_bed":1,"minecraft:red_sand":2,"minecraft:magma_block":1,"minecraft:terracotta":1},"minecraft:crafted":{"minecraft:oak_planks":48,"minecraft:blaze_powder":2,"minecraft:cobblestone_stairs":4,"sophisticatedbackpacks:crafting_upgrade":1,"sophisticatedbackpacks:smelting_upgrade":1,"minecraft:bow":1,"minecraft:iron_boots":2,"sophisticatedbackpacks:tank_upgrade":1,"minecraft:melon_seeds":2,"minecraft:chest":1,"minecraft:stone_hoe":1,"minecraft:ender_eye":1,"minecraft:emerald":2,"sophisticatedbackpacks:backpack":1,"minecraft:crafting_table":2,"minecraft:baked_potato":80,"minecraft:jungle_boat":1,"minecraft:iron_helmet":3,"minecraft:wooden_pickaxe":1,"minecraft:sticky_piston":1,"minecraft:campfire":2,"sophisticatedbackpacks:upgrade_base":4,"minecraft:dispenser":1,"sophisticatedbackpacks:xp_pump_upgrade":1,"minecraft:iron_chestplate":3,"minecraft:diamond_pickaxe":1,"minecraft:shield":2,"minecraft:stick":44,"minecraft:iron_ingot":66,"minecraft:iron_pickaxe":1,"minecraft:stone_sword":1,"minecraft:gold_ingot":27,"minecraft:furnace":1,"minecraft:acacia_fence_gate":1,"minecraft:piston":2,"sophisticatedbackpacks:advanced_pump_upgrade":1,"minecraft:scaffolding":12,"minecraft:leather":2,"minecraft:stone_pickaxe":3,"sophisticatedbackpacks:iron_backpack":1,"minecraft:enchanting_table":1,"minecraft:bucket":1,"minecraft:stone_axe":11,"minecraft:air":0,"minecraft:jungle_planks":44,"minecraft:oak_boat":1,"sophisticatedbackpacks:pump_upgrade":1,"minecraft:iron_leggings":2,"minecraft:acacia_planks":36,"minecraft:torch":108},"minecraft:broken":{"minecraft:iron_boots":2,"minecraft:iron_chestplate":2,"minecraft:iron_leggings":2,"minecraft:stone_pickaxe":1,"minecraft:stone_axe":3,"minecraft:stone_sword":2,"minecraft:shield":1,"minecraft:iron_helmet":2},"minecraft:mined":{"graveyard:tg_coarse_dirt":2,"farmersdelight:rich_soil":6,"minecraft:jungle_leaves":1,"minecraft:red_nether_bricks":3,"minecraft:brewing_stand":1,"minecraft:obsidian":5,"minecraft:granite":30,"minecraft:red_sand":3,"minecraft:grass_block":8,"minecraft:jungle_log":8,"minecraft:nether_wart":5,"minecraft:smooth_stone":5,"minecraft:tall_seagrass":1,"minecraft:magma_block":1,"minecraft:iron_ore":75,"minecraft:cobbled_deepslate":3,"minecraft:fire":5,"minecraft:pumpkin":8,"minecraft:moss_carpet":1,"minecraft:brown_bed":3,"minecraft:dirt_path":10,"minecraft:iron_block":1,"minecraft:deepslate_redstone_ore":9,"minecraft:jungle_door":1,"minecraft:orange_terracotta":8,"minecraft:soul_lantern":1,"born_in_chaos_v1:infected_deepslate_diamond_ore":1,"minecraft:torch":32,"minecraft:melon":11,"minecraft:chest":1,"minecraft:dead_bush":12,"minecraft:cobblestone":12,"minecraft:cyan_bed":1,"minecraft:sugar_cane":9,"minecraft:oak_planks":1,"minecraft:iron_door":1,"minecraft:wall_torch":12,"minecraft:skeleton_skull":1,"minecraft:white_terracotta":21,"minecraft:jungle_wood":7,"minecraft:wheat":8,"minecraft:jukebox":1,"minecraft:smooth_stone_slab":1,"minecraft:grass":19,"minecraft:oak_log":8,"minecraft:beetroots":22,"minecraft:sand":19,"minecraft:dirt":42,"minecraft:stonecutter":1,"minecraft:netherrack":3,"minecraft:oak_leaves":22,"minecraft:deepslate":12,"minecraft:deepslate_diamond_ore":3,"graveyard:acacia_coffin":2,"minecraft:lever":1,"gravestone:gravestone":59,"minecraft:jungle_planks":4,"minecraft:stripped_jungle_wood":1,"minecraft:birch_slab":1,"minecraft:spruce_leaves":1,"minecraft:sandstone":12,"minecraft:furnace":2,"minecraft:carrots":28,"minecraft:gold_block":3,"minecraft:nether_brick_fence":2,"minecraft:bookshelf":20,"minecraft:potatoes":30,"minecraft:deepslate_iron_ore":16,"minecraft:vine":7,"placeablesmod:cooked_chicken_block":1,"gnumus:fragile_gnumus_jug":3,"minecraft:bamboo":5,"minecraft:stone":202,"minecraft:smithing_table":1,"minecraft:birch_stairs":1,"minecraft:scaffolding":13,"minecraft:soul_sand":7,"minecraft:dandelion":1,"minecraft:crafting_table":6,"graveyard:tg_rooted_dirt":3,"minecraft:lectern":56,"minecraft:tall_grass":5,"minecraft:copper_ore":1,"born_in_chaos_v1:chipped_black_argillite_brick":1,"minecraft:lapis_ore":1,"minecraft:deepslate_gold_ore":23,"minecraft:diorite":22,"minecraft:spruce_stairs":1,"minecraft:sweet_berry_bush":1,"minecraft:gray_bed":5,"minecraft:birch_leaves":2,"minecraft:coal_ore":56,"minecraft:gravel":4,"minecraft:dripstone_block":1,"minecraft:cobweb":29,"minecraft:terracotta":56,"minecraft:acacia_planks":2,"minecraft:oak_button":2,"minecraft:stone_bricks":1,"minecraft:gold_ore":9,"minecraft:birch_fence":2},"minecraft:killed_by":{"undead_revamp2:sucker":1,"born_in_chaos_v1:nightmare_stalker":1,"minecraft:creeper":1,"born_in_chaos_v1:bone_imp_minion":3,"born_in_chaos_v1:corpse_fly":1,"minecraft:drowned":1,"they_watch_from_the_mist:them_aggro":3,"enemyexpansion:sprinter":2,"enemyexpansion:scorpion":4,"born_in_chaos_v1:diamond_termite":1,"minecraft:blaze":1,"minecraft:zombie":7,"born_in_chaos_v1:spirit_guide_assistant":1,"enemyexpansion:silverqueen":1,"born_in_chaos_v1:dire_hound_leader":1,"enemyexpansion:invisicreeper":2,"undead_revamp2:thegliter":2,"minecraft:player":3,"minecraft:spider":1,"arphex:hornet_harbinger":1,"born_in_chaos_v1:siamese_skeletonsleft":1,"minecraft:skeleton":13,"enemyexpansion:botfly":1,"cave_dweller:cave_dweller":1},"minecraft:custom":{"minecraft:animals_bred":8,"minecraft:interact_with_crafting_table":48,"minecraft:open_barrel":38,"minecraft:leave_game":7,"minecraft:time_since_death":69899,"minecraft:damage_resisted":5,"minecraft:sprint_one_cm":464762,"minecraft:damage_blocked_by_shield":6715,"minecraft:drop":156,"minecraft:talked_to_villager":88,"minecraft:play_time":517505,"minecraft:deaths":59,"minecraft:jump":7405,"minecraft:walk_on_water_one_cm":100940,"minecraft:interact_with_furnace":38,"minecraft:traded_with_villager":2,"minecraft:interact_with_cartography_table":2,"minecraft:sleep_in_bed":15,"minecraft:waystone_activated":3,"minecraft:damage_dealt":45078,"minecraft:player_kills":1,"minecraft:crouch_one_cm":52569,"minecraft:interact_with_smithing_table":2,"minecraft:mob_kills":233,"minecraft:interact_with_campfire":13,"minecraft:damage_dealt_resisted":2297,"minecraft:climb_one_cm":53132,"minecraft:walk_one_cm":1555180,"minecraft:damage_dealt_absorbed":80,"minecraft:sneak_time":26178,"minecraft:walk_under_water_one_cm":65828,"minecraft:boat_one_cm":321883,"minecraft:total_world_time":517505,"minecraft:interact_with_stonecutter":3,"minecraft:time_since_rest":992,"minecraft:damage_taken":18521,"minecraft:swim_one_cm":47723,"minecraft:fly_one_cm":963488,"minecraft:open_chest":124,"minecraft:fall_one_cm":144763},"minecraft:picked_up":{"minecraft:wheat":21,"minecraft:nether_brick_fence":2,"minecraft:smithing_table":1,"gnumus:gnumus_claw":3,"minecraft:diamond_sword":1,"minecraft:brown_bed":4,"minecraft:enchanted_book":1,"minecraft:brewing_stand":1,"minecraft:string":61,"minecraft:raw_copper":7,"minecraft:cooked_salmon":5,"minecraft:red_nether_bricks":2,"minecraft:zombie_head":1,"minecraft:beetroot":18,"alexsmobs:banana":1,"minecraft:cobbled_deepslate":46,"minecraft:red_sand":2,"minecraft:gold_nugget":1,"minecraft:smooth_stone":9,"minecraft:bucket":1,"minecraft:spruce_planks":3,"minecraft:iron_pickaxe":3,"minecraft:melon_slice":56,"wstweaks:fragment":9,"minecraft:furnace":2,"minecraft:jungle_door":1,"minecraft:stick":22,"minecraft:jukebox":1,"born_in_chaos_v1:shattered_skull":2,"minecraft:torch":59,"minecraft:spruce_stairs":3,"arphex:maggot_grub":1,"minecraft:porkchop":5,"minecraft:diorite":25,"minecraft:cactus":2,"minecraft:rotten_flesh":86,"artifacts:villager_hat":1,"minecraft:iron_block":1,"minecraft:cyan_terracotta":1,"alexsmobs:emu_egg":11,"farmersdelight:rope":7,"minecraft:bookshelf":18,"minecraft:white_terracotta":21,"minecraft:blaze_rod":1,"minecraft:obsidian":5,"undead_revamp2:arapholia":2,"minecraft:cobblestone":258,"minecraft:magma_block":1,"gnumus:gnumus_doubloons":4,"minecraft:feather":1,"minecraft:cooked_beef":1,"minecraft:iron_door":1,"minecraft:andesite":5,"minecraft:jungle_log":9,"gnumus:overripe_carrot":2,"minecraft:jungle_wood":7,"minecraft:potato":115,"minecraft:tuff":11,"minecraft:lapis_lazuli":5,"minecraft:dirt":125,"gnumus:gnumus_pouch_2":2,"born_in_chaos_v1:monster_skin":3,"minecraft:bone":60,"minecraft:acacia_planks":2,"minecraft:stonecutter":1,"minecraft:wheat_seeds":27,"minecraft:raw_gold":32,"minecraft:rabbit":3,"minecraft:bamboo":27,"minecraft:oak_planks":1,"minecraft:cooked_porkchop":5,"minecraft:jungle_planks":4,"minecraft:sand":20,"minecraft:cyan_bed":1,"sophisticatedbackpacks:iron_backpack":2,"minecraft:fermented_spider_eye":1,"minecraft:chiseled_sandstone":1,"undead_revamp2:acidsack":1,"sons_of_sins:flesh_of_demise":1,"minecraft:polished_andesite":3,"born_in_chaos_v1:fire_dust":2,"minecraft:diamond":3,"minecraft:lever":1,"minecraft:soul_lantern":1,"waystones:waystone":1,"minecraft:granite":32,"minecraft:bone_meal":2,"minecraft:emerald":5,"minecraft:golden_horse_armor":1,"minecraft:bread":3,"minecraft:rooted_dirt":1,"minecraft:oak_sapling":11,"minecraft:bricks":2,"minecraft:netherrack":4,"minecraft:diamond_pickaxe":1,"minecraft:coarse_dirt":1,"undead_revamp2:bostroxingot":1,"minecraft:crafting_table":6,"born_in_chaos_v1:diamond_termite_shard":2,"graveyard:acacia_coffin":2,"minecraft:chicken":3,"minecraft:nether_wart":7,"minecraft:gold_block":3,"gravestone:obituary":38,"minecraft:moss_carpet":1,"minecraft:iron_axe":1,"minecraft:flint_and_steel":1,"minecraft:birch_fence":2,"minecraft:lectern":55,"minecraft:sugar_cane":19,"minecraft:chest":1,"minecraft:raw_iron":91,"minecraft:sandstone":12,"farmersdelight:tomato_seeds":4,"born_in_chaos_v1:pieceofdarkmetal":6,"minecraft:carrot":101,"minecraft:redstone":41,"minecraft:arrow":30,"minecraft:beetroot_seeds":44,"sophisticatedbackpacks:copper_backpack":1,"gnumus:mouse_skin":4,"minecraft:skeleton_skull":3,"born_in_chaos_v1:fused_bone":2,"born_in_chaos_v1:corpse_maggot":27,"farmersdelight:rich_soil":6,"born_in_chaos_v1:monster_flesh":3,"minecraft:glow_ink_sac":2,"minecraft:salmon":5,"minecraft:leather":2,"minecraft:acacia_wood":9,"waystones:sandy_waystone":1,"minecraft:oak_log":17,"minecraft:gunpowder":19,"minecraft:orange_terracotta":5,"minecraft:stone_bricks":1,"minecraft:iron_ingot":4,"minecraft:cooked_chicken":4,"minecraft:gray_bed":5,"minecraft:iron_sword":1,"minecraft:soul_sand":10,"minecraft:book":6,"minecraft:scaffolding":22,"minecraft:pumpkin":8,"minecraft:sweet_berries":38,"born_in_chaos_v1:ethereal_spirit":2,"minecraft:dripstone_block":1,"minecraft:birch_stairs":1,"minecraft:gravel":12,"gnumus:gnumus_cheese":2,"minecraft:slime_ball":12,"minecraft:stone_axe":2,"minecraft:stripped_jungle_wood":1,"minecraft:iron_helmet":1,"minecraft:mossy_cobblestone_stairs":2,"minecraft:oak_button":7,"minecraft:terracotta":39,"minecraft:coal":62,"minecraft:ender_pearl":1}},"DataVersion":3465}